Name,Platform,DOI,Pub Date,Code,Description,License,Added,Updated,Preprint,DOI_url,category,Github,Bioconductor,CRAN
BASIC,Python,10.1093/bioinformatics/btw631,2016-09-28,http://ttic.uchicago.edu/~aakhan/BASIC/,BASIC is a semi-de novo assembly method to determine the full-length sequence of the BCR in single B cells from scRNA-seq data.,MIT,2016-10-10,2016-10-10,NA,http://dx.doi.org/10.1093/bioinformatics/btw631,Assembly,FALSE,FALSE,FALSE
BRIE,Python,10.1101/098517,NA,https://github.com/huangyh09/brie,BRIE (Bayesian regression for isoform estimate) is a Bayesian method to estimate isoform proportions from RNA-seq data.,Apache-2.0,2017-01-10,2017-01-10,TRUE,http://dx.doi.org/10.1101/098517,Quantification,TRUE,FALSE,FALSE
demuxlet,C++,10.1101/118778,NA,https://github.com/hyunminkang/apigenome,Sample demultiplexing of droplet sc-RNAseq reads.,GPL-3,2017-03-29,2017-03-29,TRUE,http://dx.doi.org/10.1101/118778,Quantification,TRUE,FALSE,FALSE
ESAT,Java,10.1101/gr.207902.116,2016-07-28,https://github.com/garber-lab/ESAT,"The ESAT toolkit is designed for expression analysis of Digital expression (DGE) libraries that target transcript ""ends"". ESAT takes a set of alignment files (SAM or BAM) with genome alignment coordinates, a file containing transcript coordinates (BED or text file) and outputs read counts for each transcript provided.",NA,2016-09-09,2016-09-09,NA,http://dx.doi.org/10.1101/gr.207902.116,Quantification,TRUE,FALSE,FALSE
Falco,AWS,10.1101/064006,NA,https://github.com/VCCRI/Falco/,A Cloud-based Genetic Feature Quantification Analysis Tool,GPL-3,2016-09-08,2016-09-08,TRUE,http://dx.doi.org/10.1101/064006,Quantification,TRUE,FALSE,FALSE
Scater,R,10.1093/bioinformatics/btw777,2017-01-14,https://github.com/davismcc/scater,"Scater places an emphasis on tools for quality control, visualisation and pre-processing of data before further downstream analysis, filling a useful niche between raw RNA-sequencing count or transcripts-per-million data and more focused downstream modelling tools such as monocle, scLVM, SCDE, edgeR, limma and so on.",GPL (>= 2),2016-09-08,2017-03-01,NA,http://dx.doi.org/10.1093/bioinformatics/btw777,Quantification,TRUE,FALSE,FALSE
TASC,C++,10.1101/116939,NA,https://github.com/scrna-seq/TASC,"TASC (Toolkit for Analysis of Single Cell RNA-seq), an empirical Bayes approach to reliably model the cell-specific dropout rates and amplification bias by use of external RNA spike-ins.",MIT,2017-03-29,2017-03-29,TRUE,http://dx.doi.org/10.1101/116939,Quantification,TRUE,FALSE,FALSE
UMI-tools,Python,10.1101/051755,NA,https://github.com/CGATOxford/UMI-tools,This repository contains tools for dealing with Unique Molecular Identifiers (UMIs)/Random Molecular Tags (RMTs).,MIT,2016-09-12,2016-09-12,TRUE,http://dx.doi.org/10.1101/051755,Quantification,TRUE,FALSE,FALSE
umis,Python,10.1038/nmeth.4220,2017-03-06,https://github.com/vals/umis,"umis provides tools for estimating expression in RNA-Seq data which performs sequencing of end tags of trancsript, and incorporate molecular tags to correct for amplification bias.",MIT,2016-09-12,2017-03-10,NA,http://dx.doi.org/10.1038/nmeth.4220,Quantification,TRUE,FALSE,FALSE
Cellity,R,10.1186/s13059-016-0888-1,2016-02-17,https://github.com/teichlab/cellity,Classification of low quality cells in scRNA-seq data using R,GPL (>= 2),2016-09-08,2016-09-08,NA,http://dx.doi.org/10.1186/s13059-016-0888-1,QC,TRUE,FALSE,FALSE
dropbead,R,10.1101/099473,NA,https://github.com/rajewsky-lab/dropbead,"It offers a quick and straightfoward way to explore and perform basic analysis of single cell sequencing data coming from droplet sequencing, such as Drop-seq.",GPL-3,2017-01-16,2017-01-16,TRUE,http://dx.doi.org/10.1101/099473,QC,TRUE,FALSE,FALSE
flotilla,Python,NA,NA,https://github.com/yeolab/flotilla,Reproducible machine learning analysis of gene expression and alternative splicing data,Custom,2016-09-08,2016-09-08,NA,NA,QC,TRUE,FALSE,FALSE
Granatum,Virtualbox,10.1101/110759,NA,https://gitlab.com/uhcclxgg/granatum,This is a graphical single-cell RNA-seq (scRNA-seq) analysis pipeline for genomics scientists.,NA,2017-03-01,2017-03-01,TRUE,http://dx.doi.org/10.1101/110759,QC,FALSE,FALSE,FALSE
MAGIC,Python,10.1101/111591,NA,https://github.com/pkathail/magic/,Markov Affinity-based Graph Imputation of Cells (MAGIC),GPL-2,2017-02-27,2017-02-17,TRUE,http://dx.doi.org/10.1101/111591,QC,TRUE,FALSE,FALSE
MAST,R,10.1186/s13059-015-0844-5,2015-12-10,https://github.com/RGLab/MAST,"Model-based Analysis of Single-cell Transcriptomics (MAST) fits a two-part, generalized linear models that are specially adapted for bimodal and/or zero-inflated single cell gene expression data.",GPL (>= 2),2016-09-08,2016-09-08,NA,http://dx.doi.org/10.1186/s13059-015-0844-5,QC,TRUE,FALSE,FALSE
OEFinder,R,10.1093/bioinformatics/btw004,2016-01-06,https://github.com/lengning/OEFinder,"Identify ordering effect genes in single cell RNA-seq data. OEFinder shiny impelemention depends on packages shiny, shinyFiles, gdata, and EBSeq.",NA,2016-09-08,2016-09-08,NA,http://dx.doi.org/10.1093/bioinformatics/btw004,QC,TRUE,FALSE,FALSE
Scater,R,10.1093/bioinformatics/btw777,2017-01-14,https://github.com/davismcc/scater,"Scater places an emphasis on tools for quality control, visualisation and pre-processing of data before further downstream analysis, filling a useful niche between raw RNA-sequencing count or transcripts-per-million data and more focused downstream modelling tools such as monocle, scLVM, SCDE, edgeR, limma and so on.",GPL (>= 2),2016-09-08,2017-03-01,NA,http://dx.doi.org/10.1093/bioinformatics/btw777,QC,TRUE,FALSE,FALSE
SCell,Matlab,10.1093/bioinformatics/btw201,2016-04-19,https://github.com/diazlab/SCell,"SCell is an integrated software tool for quality filtering, normalization, feature selection, iterative dimensionality reduction, clustering and the estimation of gene-expression gradients from large ensembles of single-cell RNA-seq datasets. SCell is open source, and implemented with an intuitive graphical interface.",GNU,2016-09-08,2016-09-08,NA,http://dx.doi.org/10.1093/bioinformatics/btw201,QC,TRUE,FALSE,FALSE
SCONE,R,NA,NA,https://github.com/YosefLab/scone,"SCONE (Single-Cell Overview of Normalized Expression), a package for single-cell RNA-seq data quality control (QC) and normalization. This data-driven framework uses summaries of expression data to assess the efficacy of normalization workflows.",Artistic-2.0,2016-09-08,2016-09-08,NA,NA,QC,TRUE,FALSE,FALSE
scTDA,Python,10.1038/nbt.3854,2017-05-01,https://github.com/RabadanLab/scTDA,"scTDA is an object oriented python library for topological data analysis of high-throughput single-cell RNA-seq data. It includes tools for the preprocessing, analysis, and exploration of single-cell RNA-seq data based on topological representations.",GPL-3,2017-05-09,2017-05-09,NA,http://dx.doi.org/10.1038/nbt.3854,QC,TRUE,FALSE,FALSE
Sincera,R,10.1371/journal.pcbi.1004575,2015-11-04,https://research.cchmc.org/pbge/sincera.html,R-based pipeline for single-cell analysis including clustering and visualization.,GPL-3,2016-09-08,2017-04-18,NA,http://dx.doi.org/10.1371/journal.pcbi.1004575,QC,FALSE,FALSE,FALSE
SinQC,R/Python,10.1093/bioinformatics/btw176,2016-04-10,http://www.morgridge.net/SinQC.html,A Method and Tool to Control Single-cell RNA-seq Data Quality.,NA,2016-09-08,2017-04-18,NA,http://dx.doi.org/10.1093/bioinformatics/btw176,QC,FALSE,FALSE,FALSE
BASiCs,R,10.1371/journal.pcbi.1004333,2015-06-01,https://github.com/catavallejos/BASiCS,Bayesian Analysis of single-cell RNA-seq data. Estimates cell-specific normalization constants. Technical variability is quantified based on spike-in genes. The total variability of the expression counts is decomposed into technical and biological components.,GPL (>= 2),2016-09-08,2016-09-13,NA,http://dx.doi.org/10.1371/journal.pcbi.1004333,Normalisation,TRUE,FALSE,FALSE
Citrus (scPLS),R,10.1101/045070,NA,https://github.com/ChenMengjie/Citrus,A normalization method to remove unwanted variation using both control and target genes.,GPL (>=2),2016-09-09,2016-09-09,TRUE,http://dx.doi.org/10.1101/045070,Normalisation,TRUE,FALSE,FALSE
GiniClust,R/Python,10.1186/s13059-016-1010-4,2016-07-01,https://github.com/lanjiangboston/GiniClust,GiniClust is a clustering method implemented in Python and R for detecting rare cell-types from large-scale single-cell gene expression data.,MIT,2016-09-09,2016-09-09,NA,http://dx.doi.org/10.1186/s13059-016-1010-4,Normalisation,TRUE,FALSE,FALSE
Granatum,Virtualbox,10.1101/110759,NA,https://gitlab.com/uhcclxgg/granatum,This is a graphical single-cell RNA-seq (scRNA-seq) analysis pipeline for genomics scientists.,NA,2017-03-01,2017-03-01,TRUE,http://dx.doi.org/10.1101/110759,Normalisation,FALSE,FALSE,FALSE
GRM,R,10.1093/bioinformatics/btv122,2015-07-01,http://wanglab.ucsd.edu/star/GRM/,Normalization and noise reduction for singlecell RNA-seq experiments,NA,2016-09-09,2017-04-18,NA,http://dx.doi.org/10.1093/bioinformatics/btv122,Normalisation,FALSE,FALSE,FALSE
Linnorm,R,NA,NA,https://github.com/Bioconductor-mirror/Linnorm,"Linnorm is an R package for the analysis of RNA-seq, scRNA-seq, ChIP-seq count data or any large scale count data.",MIT,2017-02-01,2017-02-01,NA,NA,Normalisation,TRUE,TRUE,FALSE
MAST,R,10.1186/s13059-015-0844-5,2015-12-10,https://github.com/RGLab/MAST,"Model-based Analysis of Single-cell Transcriptomics (MAST) fits a two-part, generalized linear models that are specially adapted for bimodal and/or zero-inflated single cell gene expression data.",GPL (>= 2),2016-09-08,2016-09-08,NA,http://dx.doi.org/10.1186/s13059-015-0844-5,Normalisation,TRUE,FALSE,FALSE
OEFinder,R,10.1093/bioinformatics/btw004,2016-01-06,https://github.com/lengning/OEFinder,"Identify ordering effect genes in single cell RNA-seq data. OEFinder shiny impelemention depends on packages shiny, shinyFiles, gdata, and EBSeq.",NA,2016-09-08,2016-09-08,NA,http://dx.doi.org/10.1093/bioinformatics/btw004,Normalisation,TRUE,FALSE,FALSE
sake,R,NA,NA,https://github.com/naikai/sake,Single-cell RNA-Seq Analysis and Klustering Evaluation. The aim of sake is to provide a user-friendly tool for easy analysis of NGS Single-Cell transcriptomic data.,GPL (>=2),2016-10-10,2016-10-10,NA,NA,Normalisation,TRUE,FALSE,FALSE
SAMstrt,R,10.1093/bioinformatics/btt511,2013-11-15,https://github.com/shka/R-SAMstrt,Statistical test for differential expression in single-celltranscriptome with spike-in normalization,LGLP-3.0,2016-09-09,2016-09-09,NA,http://dx.doi.org/10.1093/bioinformatics/btt511,Normalisation,TRUE,FALSE,FALSE
Scater,R,10.1093/bioinformatics/btw777,2017-01-14,https://github.com/davismcc/scater,"Scater places an emphasis on tools for quality control, visualisation and pre-processing of data before further downstream analysis, filling a useful niche between raw RNA-sequencing count or transcripts-per-million data and more focused downstream modelling tools such as monocle, scLVM, SCDE, edgeR, limma and so on.",GPL (>= 2),2016-09-08,2017-03-01,NA,http://dx.doi.org/10.1093/bioinformatics/btw777,Normalisation,TRUE,FALSE,FALSE
SCell,Matlab,10.1093/bioinformatics/btw201,2016-04-19,https://github.com/diazlab/SCell,"SCell is an integrated software tool for quality filtering, normalization, feature selection, iterative dimensionality reduction, clustering and the estimation of gene-expression gradients from large ensembles of single-cell RNA-seq datasets. SCell is open source, and implemented with an intuitive graphical interface.",GNU,2016-09-08,2016-09-08,NA,http://dx.doi.org/10.1093/bioinformatics/btw201,Normalisation,TRUE,FALSE,FALSE
scLVM,R/Python,10.1038/nbt.3102,2015-02-01,https://github.com/PMBio/scLVM,"scLVM is a modelling framework for single-cell RNA-seq data that can be used to dissect the observed heterogeneity into different sources, thereby allowing for the correction of confounding sources of variation. scLVM was primarily designed to account for cell-cycle induced variations in single-cell RNA-seq data where cell cycle is the primary soure of variability.",Apache-2.0,2016-09-08,2016-12-08,NA,http://dx.doi.org/10.1038/nbt.3102,Normalisation,TRUE,FALSE,FALSE
SCNorm,R,10.1038/nmeth.4263,2017-04-17,https://github.com/rhondabacher/SCnorm,A quantile regression based approach for robust normalization of single cell RNA-seq data.,GPL (>= 2),2016-11-29,2017-04-27,NA,http://dx.doi.org/10.1038/nmeth.4263,Normalisation,TRUE,FALSE,FALSE
SCONE,R,NA,NA,https://github.com/YosefLab/scone,"SCONE (Single-Cell Overview of Normalized Expression), a package for single-cell RNA-seq data quality control (QC) and normalization. This data-driven framework uses summaries of expression data to assess the efficacy of normalization workflows.",Artistic-2.0,2016-09-08,2016-09-08,NA,NA,Normalisation,TRUE,FALSE,FALSE
scran,R,10.1186/s13059-016-0947-7,2016-04-27,https://github.com/MarioniLab/scran,"This package implements a variety of low-level analyses of single-cell RNA-seq data. Methods are provided for normalization of cell-specific biases, pool-based norms to estimate size factors, assignment of cell cycle phase, and detection of highly variable and significantly correlated genes.",GPL-3,2016-09-08,2016-09-08,NA,http://dx.doi.org/10.1186/s13059-016-0947-7,Normalisation,TRUE,FALSE,FALSE
Seurat,R,10.1038/nbt.3192,2015-04-13,https://github.com/satijalab/seurat,"It contains easy-to-use implementations of commonly used analytical techniques, including the identification of highly variable genes, dimensionality reduction (PCA, ICA, t-SNE), standard unsupervised clustering algorithms (density clustering, hierarchical clustering, k-means), and the discovery of differentially expressed genes and markers.",GPL-3,2016-09-08,2016-10-07,NA,http://dx.doi.org/10.1038/nbt.3192,Normalisation,TRUE,FALSE,FALSE
Sincera,R,10.1371/journal.pcbi.1004575,2015-11-04,https://research.cchmc.org/pbge/sincera.html,R-based pipeline for single-cell analysis including clustering and visualization.,GPL-3,2016-09-08,2017-04-18,NA,http://dx.doi.org/10.1371/journal.pcbi.1004575,Normalisation,FALSE,FALSE,FALSE
TASC,C++,10.1101/116939,NA,https://github.com/scrna-seq/TASC,"TASC (Toolkit for Analysis of Single Cell RNA-seq), an empirical Bayes approach to reliably model the cell-specific dropout rates and amplification bias by use of external RNA spike-ins.",MIT,2017-03-29,2017-03-29,TRUE,http://dx.doi.org/10.1101/116939,Normalisation,TRUE,FALSE,FALSE
ZINB-WaVE,R,10.1101/125112,NA,https://github.com/drisso/zinbwave,Zero-inflated Negative Binomial based Wanted Variation Extraction (ZINB-WaVE),NA,2017-04-27,2017-04-27,TRUE,http://dx.doi.org/10.1101/125112,Normalisation,TRUE,FALSE,FALSE
CIDR,R,10.1101/068775,NA,https://github.com/VCCRI/CIDR,Ultrafast and accurate clustering through imputation and dimensionality reduction for single-cell RNA-seq data.,GPL (>=2),2016-09-09,2016-11-29,TRUE,http://dx.doi.org/10.1101/068775,Imputation,TRUE,FALSE,FALSE
Linnorm,R,NA,NA,https://github.com/Bioconductor-mirror/Linnorm,"Linnorm is an R package for the analysis of RNA-seq, scRNA-seq, ChIP-seq count data or any large scale count data.",MIT,2017-02-01,2017-02-01,NA,NA,Imputation,TRUE,TRUE,FALSE
MAGIC,Python,10.1101/111591,NA,https://github.com/pkathail/magic/,Markov Affinity-based Graph Imputation of Cells (MAGIC),GPL-2,2017-02-27,2017-02-17,TRUE,http://dx.doi.org/10.1101/111591,Imputation,TRUE,FALSE,FALSE
BackSPIN,Python,10.1126/science.aaa1934,2015-03-06,https://github.com/linnarsson-lab/BackSPIN,Biclustering algorithm developed taking into account intrinsic features of single-cell RNA-seq experiments.,BSD 2-clause,2016-09-08,2016-09-08,NA,http://dx.doi.org/10.1126/science.aaa1934,Gene Filtering,TRUE,FALSE,FALSE
DeLorean,R,10.1093/bioinformatics/btw372,2016-06-17,https://github.com/JohnReid/DeLorean,R package to model time series accounting for noise in the temporal dimension. Specifically designed for single cell transcriptome experiments.,MIT,2016-09-09,2016-09-09,NA,http://dx.doi.org/10.1093/bioinformatics/btw372,Gene Filtering,TRUE,FALSE,FALSE
Granatum,Virtualbox,10.1101/110759,NA,https://gitlab.com/uhcclxgg/granatum,This is a graphical single-cell RNA-seq (scRNA-seq) analysis pipeline for genomics scientists.,NA,2017-03-01,2017-03-01,TRUE,http://dx.doi.org/10.1101/110759,Gene Filtering,FALSE,FALSE,FALSE
Linnorm,R,NA,NA,https://github.com/Bioconductor-mirror/Linnorm,"Linnorm is an R package for the analysis of RNA-seq, scRNA-seq, ChIP-seq count data or any large scale count data.",MIT,2017-02-01,2017-02-01,NA,NA,Gene Filtering,TRUE,TRUE,FALSE
sake,R,NA,NA,https://github.com/naikai/sake,Single-cell RNA-Seq Analysis and Klustering Evaluation. The aim of sake is to provide a user-friendly tool for easy analysis of NGS Single-Cell transcriptomic data.,GPL (>=2),2016-10-10,2016-10-10,NA,NA,Gene Filtering,TRUE,FALSE,FALSE
SCell,Matlab,10.1093/bioinformatics/btw201,2016-04-19,https://github.com/diazlab/SCell,"SCell is an integrated software tool for quality filtering, normalization, feature selection, iterative dimensionality reduction, clustering and the estimation of gene-expression gradients from large ensembles of single-cell RNA-seq datasets. SCell is open source, and implemented with an intuitive graphical interface.",GNU,2016-09-08,2016-09-08,NA,http://dx.doi.org/10.1093/bioinformatics/btw201,Gene Filtering,TRUE,FALSE,FALSE
Seurat,R,10.1038/nbt.3192,2015-04-13,https://github.com/satijalab/seurat,"It contains easy-to-use implementations of commonly used analytical techniques, including the identification of highly variable genes, dimensionality reduction (PCA, ICA, t-SNE), standard unsupervised clustering algorithms (density clustering, hierarchical clustering, k-means), and the discovery of differentially expressed genes and markers.",GPL-3,2016-09-08,2016-10-07,NA,http://dx.doi.org/10.1038/nbt.3192,Gene Filtering,TRUE,FALSE,FALSE
Sincera,R,10.1371/journal.pcbi.1004575,2015-11-04,https://research.cchmc.org/pbge/sincera.html,R-based pipeline for single-cell analysis including clustering and visualization.,GPL-3,2016-09-08,2017-04-18,NA,http://dx.doi.org/10.1371/journal.pcbi.1004575,Gene Filtering,FALSE,FALSE,FALSE
BackSPIN,Python,10.1126/science.aaa1934,2015-03-06,https://github.com/linnarsson-lab/BackSPIN,Biclustering algorithm developed taking into account intrinsic features of single-cell RNA-seq experiments.,BSD 2-clause,2016-09-08,2016-09-08,NA,http://dx.doi.org/10.1126/science.aaa1934,Clustering,TRUE,FALSE,FALSE
BEARscc,R,10.1101/118919,NA,https://bitbucket.org/bsblabludwig/bearscc,BEARscc is a noise estimation and injection tool that is designed to assess putative single-cell RNA-seq clusters in the context of experimental noise estimated by ERCC spike-in controls.,GPL-3,2017-04-27,2017-04-27,TRUE,http://dx.doi.org/10.1101/118919,Clustering,FALSE,FALSE,FALSE
CIDR,R,10.1101/068775,NA,https://github.com/VCCRI/CIDR,Ultrafast and accurate clustering through imputation and dimensionality reduction for single-cell RNA-seq data.,GPL (>=2),2016-09-09,2016-11-29,TRUE,http://dx.doi.org/10.1101/068775,Clustering,TRUE,FALSE,FALSE
clusterExperiment,R,NA,NA,https://github.com/epurdom/clusterExperiment,Functions for running and comparing many different clusterings of single-cell sequencing data. Meant to work with SCONE and slingshot.,Artistic-2.0,2016-09-08,2016-09-08,NA,NA,Clustering,TRUE,FALSE,FALSE
countClust,R,NA,NA,https://github.com/kkdey/CountClust,"Clustering and Visualizing RNA-Seq Expression Data using Grade of Membership Models. Fits grade of membership models (GoM, also known as admixture models) to cluster RNA-seq gene expression count data, identifies characteristic genes driving cluster memberships, and provides a visual summary of the cluster memberships.",GPL (>= 2),2016-09-12,2016-09-12,NA,NA,Clustering,TRUE,FALSE,FALSE
ECLAIR,Python,10.1101/036533,NA,https://github.com/GGiecold/ECLAIR,"ECLAIR stands for Ensemble Clustering for Lineage Analysis, Inference and Robustness. Robust and scalable inference of cell lineages from gene expression data.",MIT,2016-09-08,2016-09-08,TRUE,http://dx.doi.org/10.1101/036533,Clustering,TRUE,FALSE,FALSE
ESAT,Java,10.1101/gr.207902.116,2016-07-28,https://github.com/garber-lab/ESAT,"The ESAT toolkit is designed for expression analysis of Digital expression (DGE) libraries that target transcript ""ends"". ESAT takes a set of alignment files (SAM or BAM) with genome alignment coordinates, a file containing transcript coordinates (BED or text file) and outputs read counts for each transcript provided.",NA,2016-09-09,2016-09-09,NA,http://dx.doi.org/10.1101/gr.207902.116,Clustering,TRUE,FALSE,FALSE
flotilla,Python,NA,NA,https://github.com/yeolab/flotilla,Reproducible machine learning analysis of gene expression and alternative splicing data,Custom,2016-09-08,2016-09-08,NA,NA,Clustering,TRUE,FALSE,FALSE
GiniClust,R/Python,10.1186/s13059-016-1010-4,2016-07-01,https://github.com/lanjiangboston/GiniClust,GiniClust is a clustering method implemented in Python and R for detecting rare cell-types from large-scale single-cell gene expression data.,MIT,2016-09-09,2016-09-09,NA,http://dx.doi.org/10.1186/s13059-016-1010-4,Clustering,TRUE,FALSE,FALSE
Granatum,Virtualbox,10.1101/110759,NA,https://gitlab.com/uhcclxgg/granatum,This is a graphical single-cell RNA-seq (scRNA-seq) analysis pipeline for genomics scientists.,NA,2017-03-01,2017-03-01,TRUE,http://dx.doi.org/10.1101/110759,Clustering,FALSE,FALSE,FALSE
Linnorm,R,NA,NA,https://github.com/Bioconductor-mirror/Linnorm,"Linnorm is an R package for the analysis of RNA-seq, scRNA-seq, ChIP-seq count data or any large scale count data.",MIT,2017-02-01,2017-02-01,NA,NA,Clustering,TRUE,TRUE,FALSE
pcaReduce,R,10.1186/s12859-016-0984-y,2016-03-22,https://github.com/JustinaZ/pcaReduce,Hierarchical clustering of single cell transcriptional profiles,GPL (>= 2),2016-09-09,2016-09-09,NA,http://dx.doi.org/10.1186/s12859-016-0984-y,Clustering,TRUE,FALSE,FALSE
RCA,R,10.1038/ng.3818,2017-03-20,https://github.com/GIS-SP-Group/RCA,"RCA, short for Reference Component Analysis, is an R package for robust clustering analysis of single cell RNA sequencing data (scRNAseq).",MIT,2017-03-27,2017-03-27,NA,http://dx.doi.org/10.1038/ng.3818,Clustering,TRUE,FALSE,FALSE
sake,R,NA,NA,https://github.com/naikai/sake,Single-cell RNA-Seq Analysis and Klustering Evaluation. The aim of sake is to provide a user-friendly tool for easy analysis of NGS Single-Cell transcriptomic data.,GPL (>=2),2016-10-10,2016-10-10,NA,NA,Clustering,TRUE,FALSE,FALSE
SC3,R,10.1101/036558,NA,https://github.com/hemberg-lab/sc3,SC3 is an interactive tool for the unsupervised clustering of cells from single cell RNA-Seq experiments.,GPL-3,2016-09-08,2016-09-08,TRUE,http://dx.doi.org/10.1101/036558,Clustering,TRUE,FALSE,FALSE
SCell,Matlab,10.1093/bioinformatics/btw201,2016-04-19,https://github.com/diazlab/SCell,"SCell is an integrated software tool for quality filtering, normalization, feature selection, iterative dimensionality reduction, clustering and the estimation of gene-expression gradients from large ensembles of single-cell RNA-seq datasets. SCell is open source, and implemented with an intuitive graphical interface.",GNU,2016-09-08,2016-09-08,NA,http://dx.doi.org/10.1093/bioinformatics/btw201,Clustering,TRUE,FALSE,FALSE
Seurat,R,10.1038/nbt.3192,2015-04-13,https://github.com/satijalab/seurat,"It contains easy-to-use implementations of commonly used analytical techniques, including the identification of highly variable genes, dimensionality reduction (PCA, ICA, t-SNE), standard unsupervised clustering algorithms (density clustering, hierarchical clustering, k-means), and the discovery of differentially expressed genes and markers.",GPL-3,2016-09-08,2016-10-07,NA,http://dx.doi.org/10.1038/nbt.3192,Clustering,TRUE,FALSE,FALSE
SIMLR,R,10.1038/nmeth.4207,2017-03-06,https://github.com/BatzoglouLabSU/SIMLR,"Single-cell Interpretation via Multi-kernel LeaRning which learns an appropriate distance metric from the data for dimension reduction, clustering and visualization.",GPL-3,2016-09-09,2017-03-10,NA,http://dx.doi.org/10.1038/nmeth.4207,Clustering,TRUE,FALSE,FALSE
sincell,R,10.1101/014472,NA,https://github.com/Bioconductor-mirror/sincell,"Existing computational approaches for the assessment of cell-state hierarchies from single-cell data might be formalized under a general workflow composed of i) a metric to assess cell-to-cell similarities (combined or not with a dimensionality reduction step), and ii) a graph-building algorithm (optionally making use of a cells-clustering step). Sincell R package implements a methodological toolbox allowing flexible workflows under such framework.",GPL (>= 2),2016-09-08,2016-09-08,TRUE,http://dx.doi.org/10.1101/014472,Clustering,TRUE,TRUE,FALSE
Sincera,R,10.1371/journal.pcbi.1004575,2015-11-04,https://research.cchmc.org/pbge/sincera.html,R-based pipeline for single-cell analysis including clustering and visualization.,GPL-3,2016-09-08,2017-04-18,NA,http://dx.doi.org/10.1371/journal.pcbi.1004575,Clustering,FALSE,FALSE,FALSE
SPADE,R,10.1038/nprot.2016.066,2016-06-16,https://github.com/nolanlab/spade,Visualization and cellular hierarchy inference of single-cell data using SPADE.,GPL (>=2),2016-09-09,2017-04-18,NA,http://dx.doi.org/10.1038/nprot.2016.066,Clustering,TRUE,FALSE,FALSE
SSrGE,Python,10.1101/095810,NA,https://github.com/lanagarmire/SSrGE,This procedure aims to fit sparse linear models using a binary matrix (n_samples x n_SNV) as features matrix and a gene expression matrix (n_genes x n_samples) as response.,MIT,2017-01-10,2017-01-10,TRUE,http://dx.doi.org/10.1101/095810,Clustering,TRUE,FALSE,FALSE
TSCAN,R,10.1093/nar/gkw430,2016-05-13,https://github.com/zji90/TSCAN,Pseudo-time reconstruction and evaluation in single-cell RNA-seq analysis.,GPL (>=2),2016-09-09,2016-09-09,NA,http://dx.doi.org/10.1093/nar/gkw430,Clustering,TRUE,FALSE,FALSE
CellTree,R,10.1186/s12859-016-1175-6,2016-08-13,https://github.com/Bioconductor-mirror/cellTree,Cell population analysis and visualization from single cell RNA-seq data using a Latent Dirichlet Allocation model.,Artistic-2.0,2016-09-08,2016-09-19,NA,http://dx.doi.org/10.1186/s12859-016-1175-6,Pseudotime,TRUE,TRUE,FALSE
DeLorean,R,10.1093/bioinformatics/btw372,2016-06-17,https://github.com/JohnReid/DeLorean,R package to model time series accounting for noise in the temporal dimension. Specifically designed for single cell transcriptome experiments.,MIT,2016-09-09,2016-09-09,NA,http://dx.doi.org/10.1093/bioinformatics/btw372,Pseudotime,TRUE,FALSE,FALSE
DPT,R/Matlab,10.1038/nmeth.3971,2019-08-29,http://www.helmholtz-muenchen.de/icb/research/groups/machine-learning/projects/dpt/index.html,"Our DPT software implementations make it possible to reconstruct the developmental progression of cells and identify transient or metastable states, branching decisions and differentiation endpoints.",GPL-3,2016-09-22,2016-09-22,NA,http://dx.doi.org/10.1038/nmeth.3971,Pseudotime,FALSE,FALSE,FALSE
ECLAIR,Python,10.1101/036533,NA,https://github.com/GGiecold/ECLAIR,"ECLAIR stands for Ensemble Clustering for Lineage Analysis, Inference and Robustness. Robust and scalable inference of cell lineages from gene expression data.",MIT,2016-09-08,2016-09-08,TRUE,http://dx.doi.org/10.1101/036533,Pseudotime,TRUE,FALSE,FALSE
embeddr,R,10.1101/027219,NA,https://github.com/kieranrcampbell/embeddr,Embeddr creates a reduced dimensional representation of the gene space using a high-variance gene correlation graph and laplacian eigenmaps. It then fits a smooth pseudotime trajectory using principal curves.,GPL-3,2016-09-12,2016-09-12,TRUE,http://dx.doi.org/10.1101/027219,Pseudotime,TRUE,FALSE,FALSE
ESAT,Java,10.1101/gr.207902.116,2016-07-28,https://github.com/garber-lab/ESAT,"The ESAT toolkit is designed for expression analysis of Digital expression (DGE) libraries that target transcript ""ends"". ESAT takes a set of alignment files (SAM or BAM) with genome alignment coordinates, a file containing transcript coordinates (BED or text file) and outputs read counts for each transcript provided.",NA,2016-09-09,2016-09-09,NA,http://dx.doi.org/10.1101/gr.207902.116,Pseudotime,TRUE,FALSE,FALSE
GPfates,Python,10.1126/sciimmunol.aal2192,2017-03-03,https://github.com/Teichlab/GPfates,Model transcriptional cell fates as mixtures of Gaussian Processes,MIT,2016-09-19,2017-03-10,NA,http://dx.doi.org/10.1126/sciimmunol.aal2192,Pseudotime,TRUE,FALSE,FALSE
Granatum,Virtualbox,10.1101/110759,NA,https://gitlab.com/uhcclxgg/granatum,This is a graphical single-cell RNA-seq (scRNA-seq) analysis pipeline for genomics scientists.,NA,2017-03-01,2017-03-01,TRUE,http://dx.doi.org/10.1101/110759,Pseudotime,FALSE,FALSE,FALSE
k-branches,R,10.1101/094532,NA,https://github.com/theislab/kbranches,The main idea behind the K-Branches method is to identify regions of interest (branching regions and tips) in differentiation trajectories of single cells.,GPL-3,2016-12-22,2016-12-22,TRUE,http://dx.doi.org/10.1101/094532,Pseudotime,TRUE,FALSE,FALSE
LEAP,R,10.1093/bioinformatics/btw729,2016-12-19,https://cran.r-project.org/web/packages/LEAP/index.html,Constructing Gene Co-Expression Networks for Single-Cell RNA-Sequencing Data Using Pseudotime Ordering.,GPL-2,2016-09-12,2017-04-18,NA,http://dx.doi.org/10.1093/bioinformatics/btw729,Pseudotime,FALSE,FALSE,TRUE
MFA,R,10.12688/wellcomeopenres.11087.1,2017-03-15,https://github.com/kieranrcampbell/mfa,mfa is an R package implementing Gibbs sampling for a Bayesian hierarchichal mixture of factor analysers for inference of bifurcations in single-cell data.,GPL (>= 2),2017-03-20,2017-03-20,NA,http://dx.doi.org/10.12688/wellcomeopenres.11087.1,Pseudotime,TRUE,FALSE,FALSE
Monocle,R,10.1038/nbt.2859,2014-04-01,https://github.com/cole-trapnell-lab/monocle-release,Differential expression and time-series analysis for single-cell RNA-Seq.,Artistic-2.0,2016-09-08,2016-09-08,NA,http://dx.doi.org/10.1038/nbt.2859,Pseudotime,TRUE,FALSE,FALSE
Mpath,R,10.1038/ncomms11988,2016-06-30,https://github.com/JinmiaoChenLab/Mpath,Mpath: an algorithm for constructing multi-branching cell lineages from single-cell data,NA,2016-09-09,2016-09-09,NA,http://dx.doi.org/10.1038/ncomms11988,Pseudotime,TRUE,FALSE,FALSE
Ouija,R,10.1101/060442,NA,https://github.com/kieranrcampbell/ouija,Incorporate prior information into single-cell trajectory (pseudotime) analyses using Bayesian nonlinear factor analysis.,GPL (>=3),2016-09-08,2016-09-13,TRUE,http://dx.doi.org/10.1101/060442,Pseudotime,TRUE,FALSE,FALSE
pseudogp,R,10.1101/047365,NA,https://github.com/kieranrcampbell/pseudogp,pseudogp is an R package for Bayesian inference of Gaussian Process Latent Variable models learning pseudotimes from single-cell RNA-seq.,MIT,2016-09-09,2016-09-09,TRUE,http://dx.doi.org/10.1101/047365,Pseudotime,TRUE,FALSE,FALSE
SCell,Matlab,10.1093/bioinformatics/btw201,2016-04-19,https://github.com/diazlab/SCell,"SCell is an integrated software tool for quality filtering, normalization, feature selection, iterative dimensionality reduction, clustering and the estimation of gene-expression gradients from large ensembles of single-cell RNA-seq datasets. SCell is open source, and implemented with an intuitive graphical interface.",GNU,2016-09-08,2016-09-08,NA,http://dx.doi.org/10.1093/bioinformatics/btw201,Pseudotime,TRUE,FALSE,FALSE
SCENT,R,10.1101/084202,NA,https://github.com/aet21/SCENT,scent_1.0 is an R-package for analysis of single-cell RNA-Seq data. It uses single-cell entropy to help analyse and interpret such data.,GPL-3,2016-11-09,2017-04-18,TRUE,http://dx.doi.org/10.1101/084202,Pseudotime,TRUE,FALSE,FALSE
SCIMITAR,Python,10.1101/070151,NA,https://github.com/dimenwarper/scimitar,SCIMITAR provides a variety of tools to analyze trajectory maps of single-cell measurements.,NA,2016-09-12,2016-09-12,TRUE,http://dx.doi.org/10.1101/070151,Pseudotime,TRUE,FALSE,FALSE
SCODE,R,10.1101/088856,NA,https://github.com/hmatsu1226/SCODE,SCODE : an efficient regulatory network inference algorithm from single-cell RNA-Seq during differentiation.,MIT,2016-11-29,2016-11-29,TRUE,http://dx.doi.org/10.1101/088856,Pseudotime,TRUE,FALSE,FALSE
SCORPIUS,R,10.1101/079509,NA,https://github.com/rcannood/SCORPIUS,SCORPIUS an unsupervised approach for inferring developmental chronologies from single-cell RNA sequencing data.,GPL-3,2016-10-11,2016-10-11,TRUE,http://dx.doi.org/10.1101/079509,Pseudotime,TRUE,FALSE,FALSE
SCOUP,C++,NA,NA,https://github.com/hmatsu1226/SCOUP,Uses probabilistic model based on the Ornstein-Uhlenbeck process to analyze single-cell expression data during differentiation.,MIT,2016-09-08,2016-09-08,NA,NA,Pseudotime,TRUE,FALSE,FALSE
scTDA,Python,10.1038/nbt.3854,2017-05-01,https://github.com/RabadanLab/scTDA,"scTDA is an object oriented python library for topological data analysis of high-throughput single-cell RNA-seq data. It includes tools for the preprocessing, analysis, and exploration of single-cell RNA-seq data based on topological representations.",GPL-3,2017-05-09,2017-05-09,NA,http://dx.doi.org/10.1038/nbt.3854,Pseudotime,TRUE,FALSE,FALSE
SCUBA,Matlab,10.1073/pnas.1408993111,2014-12-30,https://github.com/gcyuan/SCUBA,"SCUBA stands for ""Single-cell Clustering Using Bifurcation Analysis."" SCUBA is a novel computational method for extracting lineage relationships from single-cell gene expression data, and modeling the dynamic changes associated with cell differentiation.",NA,2016-09-12,2016-09-12,NA,http://dx.doi.org/10.1073/pnas.1408993111,Pseudotime,TRUE,FALSE,FALSE
sincell,R,10.1101/014472,NA,https://github.com/Bioconductor-mirror/sincell,"Existing computational approaches for the assessment of cell-state hierarchies from single-cell data might be formalized under a general workflow composed of i) a metric to assess cell-to-cell similarities (combined or not with a dimensionality reduction step), and ii) a graph-building algorithm (optionally making use of a cells-clustering step). Sincell R package implements a methodological toolbox allowing flexible workflows under such framework.",GPL (>= 2),2016-09-08,2016-09-08,TRUE,http://dx.doi.org/10.1101/014472,Pseudotime,TRUE,TRUE,FALSE
SLICE,R,10.1093/nar/gkw1278,2016-12-19,https://research.cchmc.org/pbge/slice.html,The SLICE (Single Cell Lineage Inference Using Cell Expression Similarity and Entropy) algorithm consists of two major steps: (1) measuring cell differentiation states based on the calculation of single cell entropy (scEntropy) and (2) predicting cell differentiation trajectories by ordering single cells according to their scEntropy-derived differentiation states.,GPL-3,2017-01-10,2017-01-10,NA,http://dx.doi.org/10.1093/nar/gkw1278,Pseudotime,FALSE,FALSE,FALSE
SLICER,R,10.1186/s13059-016-0975-3,2016-05-23,https://github.com/jw156605/SLICER,Selective Locally linear Inference of Cellular Expression Relationships (SLICER) algorithm for inferring cell trajectories.,GPL-2,2016-09-08,2016-09-08,NA,http://dx.doi.org/10.1186/s13059-016-0975-3,Pseudotime,TRUE,FALSE,FALSE
slingshot,R,NA,NA,https://github.com/kstreet13/slingshot,Functions for identifying and characterizing continuous developmental trajectories in single-cell sequencing data.,Artistic-2.0,2016-09-09,2016-09-09,NA,NA,Pseudotime,TRUE,FALSE,FALSE
SPADE,R,10.1038/nprot.2016.066,2016-06-16,https://github.com/nolanlab/spade,Visualization and cellular hierarchy inference of single-cell data using SPADE.,GPL (>=2),2016-09-09,2017-04-18,NA,http://dx.doi.org/10.1038/nprot.2016.066,Pseudotime,TRUE,FALSE,FALSE
StemID,R,10.1016/j.stem.2016.05.010,2016-06-21,https://github.com/dgrun/StemID,StemID is an algorithm for the derivation of cell lineage trees based on RaceID2 results and predicts multipotent cell identites.,NA,2016-09-09,2016-09-09,NA,http://dx.doi.org/10.1016/j.stem.2016.05.010,Pseudotime,TRUE,FALSE,FALSE
TASIC,Matlab,bioinformatics/btx173,2017-04-04,https://www.andrew.cmu.edu/user/sabrinar/TASIC/TASIC.htm,TASIC uses a Hidden Markov Model (HMM) based on a probabilistic Kalman Filter approach to combine time and expression information for determining the branching process associated with time series single cell studies.,NA,2017-04-27,2017-04-27,NA,http://dx.doi.org/bioinformatics/btx173,Pseudotime,FALSE,FALSE,FALSE
topslam,Python,10.1101/057778,NA,https://github.com/mzwiessele/topslam,Extracting and using probabilistic Waddington's landscape recreation from single cell gene expression measurements.,BSD-3-clause,2016-09-12,2016-09-12,TRUE,http://dx.doi.org/10.1101/057778,Pseudotime,TRUE,FALSE,FALSE
TSCAN,R,10.1093/nar/gkw430,2016-05-13,https://github.com/zji90/TSCAN,Pseudo-time reconstruction and evaluation in single-cell RNA-seq analysis.,GPL (>=2),2016-09-09,2016-09-09,NA,http://dx.doi.org/10.1093/nar/gkw430,Pseudotime,TRUE,FALSE,FALSE
WaveCrest,R,10.1186/s13059-016-1033-x,2016-08-17,https://github.com/lengning/WaveCrest,WaveCrest is a statistical approach to reconstruct gene expression trajectory in single cell RNA-seq experiments with ordered conditions.,Apache-2.0,2016-09-12,2016-09-12,NA,http://dx.doi.org/10.1186/s13059-016-1033-x,Pseudotime,TRUE,FALSE,FALSE
Wishbone,Python,10.1038/nbt.3569,2016-05-02,https://github.com/ManuSetty/wishbone,Wishbone is an algorithm to align single cells from differentiation systems with bifurcating branches.,GPL-2,2016-09-09,2016-11-29,NA,http://dx.doi.org/10.1038/nbt.3569,Pseudotime,TRUE,FALSE,FALSE
BASiCs,R,10.1371/journal.pcbi.1004333,2015-06-01,https://github.com/catavallejos/BASiCS,Bayesian Analysis of single-cell RNA-seq data. Estimates cell-specific normalization constants. Technical variability is quantified based on spike-in genes. The total variability of the expression counts is decomposed into technical and biological components.,GPL (>= 2),2016-09-08,2016-09-13,NA,http://dx.doi.org/10.1371/journal.pcbi.1004333,DE,TRUE,FALSE,FALSE
BPSC,R,10.1093/bioinformatics/btw202,2016-04-19,https://github.com/nghiavtr/BPSC,Beta-Poisson model for single-cell RNA-seq data analyses,GPL-3,2016-09-08,2016-09-08,NA,http://dx.doi.org/10.1093/bioinformatics/btw202,DE,TRUE,FALSE,FALSE
countClust,R,NA,NA,https://github.com/kkdey/CountClust,"Clustering and Visualizing RNA-Seq Expression Data using Grade of Membership Models. Fits grade of membership models (GoM, also known as admixture models) to cluster RNA-seq gene expression count data, identifies characteristic genes driving cluster memberships, and provides a visual summary of the cluster memberships.",GPL (>= 2),2016-09-12,2016-09-12,NA,NA,DE,TRUE,FALSE,FALSE
D3E,Python,10.1186/s12859-016-0944-6,2016-02-29,https://github.com/hemberg-lab/D3E,"D3E is a tool for identifying differentially-expressed genes, based on single-cell RNA-seq data. D3E consists of two modules: one for identifying differentially expressed (DE) genes, and one for fitting the parameters of a Poisson-Beta distribution.",GPL-3,2016-09-09,2016-09-09,NA,http://dx.doi.org/10.1186/s12859-016-0944-6,DE,TRUE,FALSE,FALSE
Granatum,Virtualbox,10.1101/110759,NA,https://gitlab.com/uhcclxgg/granatum,This is a graphical single-cell RNA-seq (scRNA-seq) analysis pipeline for genomics scientists.,NA,2017-03-01,2017-03-01,TRUE,http://dx.doi.org/10.1101/110759,DE,FALSE,FALSE,FALSE
ISOP,R,10.1101/036988,NA,https://github.com/nghiavtr/ISOP,ISOform-level expression Patterns in single-cell RNA-sequencing data.,GPL-3,2016-09-09,2016-09-09,TRUE,http://dx.doi.org/10.1101/036988,DE,TRUE,FALSE,FALSE
Linnorm,R,NA,NA,https://github.com/Bioconductor-mirror/Linnorm,"Linnorm is an R package for the analysis of RNA-seq, scRNA-seq, ChIP-seq count data or any large scale count data.",MIT,2017-02-01,2017-02-01,NA,NA,DE,TRUE,TRUE,FALSE
M3Drop,R,10.1101/065094,NA,https://github.com/tallulandrews/M3Drop,R package providing functions for fitting a modified Michaelis-Menten (MM) equation to the pattern of dropouts observed in a single-cell sequencing experiment.,GPL (>=2),2016-10-10,2016-10-10,TRUE,http://dx.doi.org/10.1101/065094,DE,TRUE,FALSE,FALSE
MAST,R,10.1186/s13059-015-0844-5,2015-12-10,https://github.com/RGLab/MAST,"Model-based Analysis of Single-cell Transcriptomics (MAST) fits a two-part, generalized linear models that are specially adapted for bimodal and/or zero-inflated single cell gene expression data.",GPL (>= 2),2016-09-08,2016-09-08,NA,http://dx.doi.org/10.1186/s13059-015-0844-5,DE,TRUE,FALSE,FALSE
Monocle,R,10.1038/nbt.2859,2014-04-01,https://github.com/cole-trapnell-lab/monocle-release,Differential expression and time-series analysis for single-cell RNA-Seq.,Artistic-2.0,2016-09-08,2016-09-08,NA,http://dx.doi.org/10.1038/nbt.2859,DE,TRUE,FALSE,FALSE
sake,R,NA,NA,https://github.com/naikai/sake,Single-cell RNA-Seq Analysis and Klustering Evaluation. The aim of sake is to provide a user-friendly tool for easy analysis of NGS Single-Cell transcriptomic data.,GPL (>=2),2016-10-10,2016-10-10,NA,NA,DE,TRUE,FALSE,FALSE
SAMstrt,R,10.1093/bioinformatics/btt511,2013-11-15,https://github.com/shka/R-SAMstrt,Statistical test for differential expression in single-celltranscriptome with spike-in normalization,LGLP-3.0,2016-09-09,2016-09-09,NA,http://dx.doi.org/10.1093/bioinformatics/btt511,DE,TRUE,FALSE,FALSE
scDD,R,10.1186/s13059-016-1077-y,2016-10-25,https://github.com/kdkorthauer/scDD,"scDD (Single-Cell Differential Distributions) is a framework to identify genes with different expression patterns between biological groups of interest. In addition to traditional differential expression, it can detect differences that are more complex and subtle than a mean shift.",GPL-2,2016-09-08,2016-11-07,NA,http://dx.doi.org/10.1186/s13059-016-1077-y,DE,TRUE,FALSE,FALSE
SCDE,R,10.1038/nmeth.2967,2014-07-01,https://github.com/hms-dbmi/scde,Differential expression using error models and overdispersion-based identification of important gene sets.,NA,2016-09-08,2016-09-08,NA,http://dx.doi.org/10.1038/nmeth.2967,DE,TRUE,FALSE,FALSE
SCell,Matlab,10.1093/bioinformatics/btw201,2016-04-19,https://github.com/diazlab/SCell,"SCell is an integrated software tool for quality filtering, normalization, feature selection, iterative dimensionality reduction, clustering and the estimation of gene-expression gradients from large ensembles of single-cell RNA-seq datasets. SCell is open source, and implemented with an intuitive graphical interface.",GNU,2016-09-08,2016-09-08,NA,http://dx.doi.org/10.1093/bioinformatics/btw201,DE,TRUE,FALSE,FALSE
SCPattern,R,10.1101/046110,NA,https://github.com/lengning/SCPattern,A statistical approach to identify and classify expression changes in single cell RNA-seq experiments with ordered conditions.,Apache-2.0,2016-09-09,2016-09-09,TRUE,http://dx.doi.org/10.1101/046110,DE,TRUE,FALSE,FALSE
Seurat,R,10.1038/nbt.3192,2015-04-13,https://github.com/satijalab/seurat,"It contains easy-to-use implementations of commonly used analytical techniques, including the identification of highly variable genes, dimensionality reduction (PCA, ICA, t-SNE), standard unsupervised clustering algorithms (density clustering, hierarchical clustering, k-means), and the discovery of differentially expressed genes and markers.",GPL-3,2016-09-08,2016-10-07,NA,http://dx.doi.org/10.1038/nbt.3192,DE,TRUE,FALSE,FALSE
Sincera,R,10.1371/journal.pcbi.1004575,2015-11-04,https://research.cchmc.org/pbge/sincera.html,R-based pipeline for single-cell analysis including clustering and visualization.,GPL-3,2016-09-08,2017-04-18,NA,http://dx.doi.org/10.1371/journal.pcbi.1004575,DE,FALSE,FALSE,FALSE
switchde,R,10.1093/bioinformatics/btw798,2016-12-23,https://github.com/kieranrcampbell/switchde,Differential expression analysis across pseudotime. Identify genes that exhibit switch-like up or down regulation along single-cell trajectories along with where in the trajectory the regulation occurs.,GPL (>= 2),2016-09-09,2017-01-10,NA,http://dx.doi.org/10.1093/bioinformatics/btw798,DE,TRUE,FALSE,FALSE
TASC,C++,10.1101/116939,NA,https://github.com/scrna-seq/TASC,"TASC (Toolkit for Analysis of Single Cell RNA-seq), an empirical Bayes approach to reliably model the cell-specific dropout rates and amplification bias by use of external RNA spike-ins.",MIT,2017-03-29,2017-03-29,TRUE,http://dx.doi.org/10.1101/116939,DE,TRUE,FALSE,FALSE
M3Drop,R,10.1101/065094,NA,https://github.com/tallulandrews/M3Drop,R package providing functions for fitting a modified Michaelis-Menten (MM) equation to the pattern of dropouts observed in a single-cell sequencing experiment.,GPL (>=2),2016-10-10,2016-10-10,TRUE,http://dx.doi.org/10.1101/065094,Marker Genes,TRUE,FALSE,FALSE
Seurat,R,10.1038/nbt.3192,2015-04-13,https://github.com/satijalab/seurat,"It contains easy-to-use implementations of commonly used analytical techniques, including the identification of highly variable genes, dimensionality reduction (PCA, ICA, t-SNE), standard unsupervised clustering algorithms (density clustering, hierarchical clustering, k-means), and the discovery of differentially expressed genes and markers.",GPL-3,2016-09-08,2016-10-07,NA,http://dx.doi.org/10.1038/nbt.3192,Marker Genes,TRUE,FALSE,FALSE
Sincera,R,10.1371/journal.pcbi.1004575,2015-11-04,https://research.cchmc.org/pbge/sincera.html,R-based pipeline for single-cell analysis including clustering and visualization.,GPL-3,2016-09-08,2017-04-18,NA,http://dx.doi.org/10.1371/journal.pcbi.1004575,Marker Genes,FALSE,FALSE,FALSE
SPADE,R,10.1038/nprot.2016.066,2016-06-16,https://github.com/nolanlab/spade,Visualization and cellular hierarchy inference of single-cell data using SPADE.,GPL (>=2),2016-09-09,2017-04-18,NA,http://dx.doi.org/10.1038/nprot.2016.066,Marker Genes,TRUE,FALSE,FALSE
TSCAN,R,10.1093/nar/gkw430,2016-05-13,https://github.com/zji90/TSCAN,Pseudo-time reconstruction and evaluation in single-cell RNA-seq analysis.,GPL (>=2),2016-09-09,2016-09-09,NA,http://dx.doi.org/10.1093/nar/gkw430,Marker Genes,TRUE,FALSE,FALSE
WaveCrest,R,10.1186/s13059-016-1033-x,2016-08-17,https://github.com/lengning/WaveCrest,WaveCrest is a statistical approach to reconstruct gene expression trajectory in single cell RNA-seq experiments with ordered conditions.,Apache-2.0,2016-09-12,2016-09-12,NA,http://dx.doi.org/10.1186/s13059-016-1033-x,Marker Genes,TRUE,FALSE,FALSE
DeLorean,R,10.1093/bioinformatics/btw372,2016-06-17,https://github.com/JohnReid/DeLorean,R package to model time series accounting for noise in the temporal dimension. Specifically designed for single cell transcriptome experiments.,MIT,2016-09-09,2016-09-09,NA,http://dx.doi.org/10.1093/bioinformatics/btw372,Expression Patterns,TRUE,FALSE,FALSE
DPT,R/Matlab,10.1038/nmeth.3971,2019-08-29,http://www.helmholtz-muenchen.de/icb/research/groups/machine-learning/projects/dpt/index.html,"Our DPT software implementations make it possible to reconstruct the developmental progression of cells and identify transient or metastable states, branching decisions and differentiation endpoints.",GPL-3,2016-09-22,2016-09-22,NA,http://dx.doi.org/10.1038/nmeth.3971,Expression Patterns,FALSE,FALSE,FALSE
ISOP,R,10.1101/036988,NA,https://github.com/nghiavtr/ISOP,ISOform-level expression Patterns in single-cell RNA-sequencing data.,GPL-3,2016-09-09,2016-09-09,TRUE,http://dx.doi.org/10.1101/036988,Expression Patterns,TRUE,FALSE,FALSE
Monocle,R,10.1038/nbt.2859,2014-04-01,https://github.com/cole-trapnell-lab/monocle-release,Differential expression and time-series analysis for single-cell RNA-Seq.,Artistic-2.0,2016-09-08,2016-09-08,NA,http://dx.doi.org/10.1038/nbt.2859,Expression Patterns,TRUE,FALSE,FALSE
Ouija,R,10.1101/060442,NA,https://github.com/kieranrcampbell/ouija,Incorporate prior information into single-cell trajectory (pseudotime) analyses using Bayesian nonlinear factor analysis.,GPL (>=3),2016-09-08,2016-09-13,TRUE,http://dx.doi.org/10.1101/060442,Expression Patterns,TRUE,FALSE,FALSE
SCIMITAR,Python,10.1101/070151,NA,https://github.com/dimenwarper/scimitar,SCIMITAR provides a variety of tools to analyze trajectory maps of single-cell measurements.,NA,2016-09-12,2016-09-12,TRUE,http://dx.doi.org/10.1101/070151,Expression Patterns,TRUE,FALSE,FALSE
SCORPIUS,R,10.1101/079509,NA,https://github.com/rcannood/SCORPIUS,SCORPIUS an unsupervised approach for inferring developmental chronologies from single-cell RNA sequencing data.,GPL-3,2016-10-11,2016-10-11,TRUE,http://dx.doi.org/10.1101/079509,Expression Patterns,TRUE,FALSE,FALSE
SCPattern,R,10.1101/046110,NA,https://github.com/lengning/SCPattern,A statistical approach to identify and classify expression changes in single cell RNA-seq experiments with ordered conditions.,Apache-2.0,2016-09-09,2016-09-09,TRUE,http://dx.doi.org/10.1101/046110,Expression Patterns,TRUE,FALSE,FALSE
SCUBA,Matlab,10.1073/pnas.1408993111,2014-12-30,https://github.com/gcyuan/SCUBA,"SCUBA stands for ""Single-cell Clustering Using Bifurcation Analysis."" SCUBA is a novel computational method for extracting lineage relationships from single-cell gene expression data, and modeling the dynamic changes associated with cell differentiation.",NA,2016-09-12,2016-09-12,NA,http://dx.doi.org/10.1073/pnas.1408993111,Expression Patterns,TRUE,FALSE,FALSE
SEPA,R,NA,NA,https://github.com/zji90/SEPA,"SEPA provides convenient functions for users to assign genes into different gene expression patterns such as constant, monotone increasing and increasing then decreasing. SEPA then performs GO enrichment analysis to analysis the functional roles of genes with same or similar patterns.",GPL (>=2),2016-09-08,2016-09-08,NA,NA,Expression Patterns,TRUE,FALSE,FALSE
switchde,R,10.1093/bioinformatics/btw798,2016-12-23,https://github.com/kieranrcampbell/switchde,Differential expression analysis across pseudotime. Identify genes that exhibit switch-like up or down regulation along single-cell trajectories along with where in the trajectory the regulation occurs.,GPL (>= 2),2016-09-09,2017-01-10,NA,http://dx.doi.org/10.1093/bioinformatics/btw798,Expression Patterns,TRUE,FALSE,FALSE
WaveCrest,R,10.1186/s13059-016-1033-x,2016-08-17,https://github.com/lengning/WaveCrest,WaveCrest is a statistical approach to reconstruct gene expression trajectory in single cell RNA-seq experiments with ordered conditions.,Apache-2.0,2016-09-12,2016-09-12,NA,http://dx.doi.org/10.1186/s13059-016-1033-x,Expression Patterns,TRUE,FALSE,FALSE
Wishbone,Python,10.1038/nbt.3569,2016-05-02,https://github.com/ManuSetty/wishbone,Wishbone is an algorithm to align single cells from differentiation systems with bifurcating branches.,GPL-2,2016-09-09,2016-11-29,NA,http://dx.doi.org/10.1038/nbt.3569,Expression Patterns,TRUE,FALSE,FALSE
BASiCs,R,10.1371/journal.pcbi.1004333,2015-06-01,https://github.com/catavallejos/BASiCS,Bayesian Analysis of single-cell RNA-seq data. Estimates cell-specific normalization constants. Technical variability is quantified based on spike-in genes. The total variability of the expression counts is decomposed into technical and biological components.,GPL (>= 2),2016-09-08,2016-09-13,NA,http://dx.doi.org/10.1371/journal.pcbi.1004333,Variable Genes,TRUE,FALSE,FALSE
countClust,R,NA,NA,https://github.com/kkdey/CountClust,"Clustering and Visualizing RNA-Seq Expression Data using Grade of Membership Models. Fits grade of membership models (GoM, also known as admixture models) to cluster RNA-seq gene expression count data, identifies characteristic genes driving cluster memberships, and provides a visual summary of the cluster memberships.",GPL (>= 2),2016-09-12,2016-09-12,NA,NA,Variable Genes,TRUE,FALSE,FALSE
f-scLVM,Python,10.1101/087775,NA,https://github.com/PMBio/f-scLVM,"f-scLVM is a scalable modelling framework for single-cell RNA-seq data that uses gene set annotations to dissect single-cell transcriptome heterogeneity, thereby allowing to identify biological drivers of cell-to-cell variability and model confounding factors.",Apache-2.0,2016-11-29,2016-11-29,TRUE,http://dx.doi.org/10.1101/087775,Variable Genes,TRUE,FALSE,FALSE
Linnorm,R,NA,NA,https://github.com/Bioconductor-mirror/Linnorm,"Linnorm is an R package for the analysis of RNA-seq, scRNA-seq, ChIP-seq count data or any large scale count data.",MIT,2017-02-01,2017-02-01,NA,NA,Variable Genes,TRUE,TRUE,FALSE
scLVM,R/Python,10.1038/nbt.3102,2015-02-01,https://github.com/PMBio/scLVM,"scLVM is a modelling framework for single-cell RNA-seq data that can be used to dissect the observed heterogeneity into different sources, thereby allowing for the correction of confounding sources of variation. scLVM was primarily designed to account for cell-cycle induced variations in single-cell RNA-seq data where cell cycle is the primary soure of variability.",Apache-2.0,2016-09-08,2016-12-08,NA,http://dx.doi.org/10.1038/nbt.3102,Variable Genes,TRUE,FALSE,FALSE
scran,R,10.1186/s13059-016-0947-7,2016-04-27,https://github.com/MarioniLab/scran,"This package implements a variety of low-level analyses of single-cell RNA-seq data. Methods are provided for normalization of cell-specific biases, pool-based norms to estimate size factors, assignment of cell cycle phase, and detection of highly variable and significantly correlated genes.",GPL-3,2016-09-08,2016-09-08,NA,http://dx.doi.org/10.1186/s13059-016-0947-7,Variable Genes,TRUE,FALSE,FALSE
scVEGs,R,10.1186/s12864-016-2897-6,2016-08-22,https://github.com/hillas/scVEGs,scVEGs is a novel algorithm for single-cell RNA-seq (scRNA-seq) data to determine significant variably expressed genes (VEGs) using a gene expression variation model (GEVM).,MIT,2016-09-09,2016-09-09,NA,http://dx.doi.org/10.1186/s12864-016-2897-6,Variable Genes,TRUE,FALSE,FALSE
Seurat,R,10.1038/nbt.3192,2015-04-13,https://github.com/satijalab/seurat,"It contains easy-to-use implementations of commonly used analytical techniques, including the identification of highly variable genes, dimensionality reduction (PCA, ICA, t-SNE), standard unsupervised clustering algorithms (density clustering, hierarchical clustering, k-means), and the discovery of differentially expressed genes and markers.",GPL-3,2016-09-08,2016-10-07,NA,http://dx.doi.org/10.1038/nbt.3192,Variable Genes,TRUE,FALSE,FALSE
CellTree,R,10.1186/s12859-016-1175-6,2016-08-13,https://github.com/Bioconductor-mirror/cellTree,Cell population analysis and visualization from single cell RNA-seq data using a Latent Dirichlet Allocation model.,Artistic-2.0,2016-09-08,2016-09-19,NA,http://dx.doi.org/10.1186/s12859-016-1175-6,Gene Sets,TRUE,TRUE,FALSE
FastProject,Python,10.1186/s12859-016-1176-5,2016-08-23,https://github.com/YosefLab/FastProject,"Here we present FastProject, a software package for two-dimensional visualization of single cell data, which utilizes a plethora of projection methods and provides a way to systematically investigate the biological relevance of these low dimensional representations by incorporating domain knowledge.",Custom,2016-09-09,2016-09-09,NA,http://dx.doi.org/10.1186/s12859-016-1176-5,Gene Sets,TRUE,FALSE,FALSE
Granatum,Virtualbox,10.1101/110759,NA,https://gitlab.com/uhcclxgg/granatum,This is a graphical single-cell RNA-seq (scRNA-seq) analysis pipeline for genomics scientists.,NA,2017-03-01,2017-03-01,TRUE,http://dx.doi.org/10.1101/110759,Gene Sets,FALSE,FALSE,FALSE
MAST,R,10.1186/s13059-015-0844-5,2015-12-10,https://github.com/RGLab/MAST,"Model-based Analysis of Single-cell Transcriptomics (MAST) fits a two-part, generalized linear models that are specially adapted for bimodal and/or zero-inflated single cell gene expression data.",GPL (>= 2),2016-09-08,2016-09-08,NA,http://dx.doi.org/10.1186/s13059-015-0844-5,Gene Sets,TRUE,FALSE,FALSE
sake,R,NA,NA,https://github.com/naikai/sake,Single-cell RNA-Seq Analysis and Klustering Evaluation. The aim of sake is to provide a user-friendly tool for easy analysis of NGS Single-Cell transcriptomic data.,GPL (>=2),2016-10-10,2016-10-10,NA,NA,Gene Sets,TRUE,FALSE,FALSE
SCDE,R,10.1038/nmeth.2967,2014-07-01,https://github.com/hms-dbmi/scde,Differential expression using error models and overdispersion-based identification of important gene sets.,NA,2016-09-08,2016-09-08,NA,http://dx.doi.org/10.1038/nmeth.2967,Gene Sets,TRUE,FALSE,FALSE
SEPA,R,NA,NA,https://github.com/zji90/SEPA,"SEPA provides convenient functions for users to assign genes into different gene expression patterns such as constant, monotone increasing and increasing then decreasing. SEPA then performs GO enrichment analysis to analysis the functional roles of genes with same or similar patterns.",GPL (>=2),2016-09-08,2016-09-08,NA,NA,Gene Sets,TRUE,FALSE,FALSE
BTR,R,10.1186/s12859-016-1235-y,2016-09-06,https://github.com/cheeyeelim/btr,BTR is a model learning algorithm for reconstructing and training asynchronous Boolean models using single-cell expression data.,GPL-3,2016-09-12,2016-09-12,NA,http://dx.doi.org/10.1186/s12859-016-1235-y,Gene Networks,TRUE,FALSE,FALSE
flotilla,Python,NA,NA,https://github.com/yeolab/flotilla,Reproducible machine learning analysis of gene expression and alternative splicing data,Custom,2016-09-08,2016-09-08,NA,NA,Gene Networks,TRUE,FALSE,FALSE
Granatum,Virtualbox,10.1101/110759,NA,https://gitlab.com/uhcclxgg/granatum,This is a graphical single-cell RNA-seq (scRNA-seq) analysis pipeline for genomics scientists.,NA,2017-03-01,2017-03-01,TRUE,http://dx.doi.org/10.1101/110759,Gene Networks,FALSE,FALSE,FALSE
LEAP,R,10.1093/bioinformatics/btw729,2016-12-19,https://cran.r-project.org/web/packages/LEAP/index.html,Constructing Gene Co-Expression Networks for Single-Cell RNA-Sequencing Data Using Pseudotime Ordering.,GPL-2,2016-09-12,2017-04-18,NA,http://dx.doi.org/10.1093/bioinformatics/btw729,Gene Networks,FALSE,FALSE,TRUE
Linnorm,R,NA,NA,https://github.com/Bioconductor-mirror/Linnorm,"Linnorm is an R package for the analysis of RNA-seq, scRNA-seq, ChIP-seq count data or any large scale count data.",MIT,2017-02-01,2017-02-01,NA,NA,Gene Networks,TRUE,TRUE,FALSE
MAST,R,10.1186/s13059-015-0844-5,2015-12-10,https://github.com/RGLab/MAST,"Model-based Analysis of Single-cell Transcriptomics (MAST) fits a two-part, generalized linear models that are specially adapted for bimodal and/or zero-inflated single cell gene expression data.",GPL (>= 2),2016-09-08,2016-09-08,NA,http://dx.doi.org/10.1186/s13059-015-0844-5,Gene Networks,TRUE,FALSE,FALSE
sake,R,NA,NA,https://github.com/naikai/sake,Single-cell RNA-Seq Analysis and Klustering Evaluation. The aim of sake is to provide a user-friendly tool for easy analysis of NGS Single-Cell transcriptomic data.,GPL (>=2),2016-10-10,2016-10-10,NA,NA,Gene Networks,TRUE,FALSE,FALSE
SCIMITAR,Python,10.1101/070151,NA,https://github.com/dimenwarper/scimitar,SCIMITAR provides a variety of tools to analyze trajectory maps of single-cell measurements.,NA,2016-09-12,2016-09-12,TRUE,http://dx.doi.org/10.1101/070151,Gene Networks,TRUE,FALSE,FALSE
SCODE,R,10.1101/088856,NA,https://github.com/hmatsu1226/SCODE,SCODE : an efficient regulatory network inference algorithm from single-cell RNA-Seq during differentiation.,MIT,2016-11-29,2016-11-29,TRUE,http://dx.doi.org/10.1101/088856,Gene Networks,TRUE,FALSE,FALSE
SCORPIUS,R,10.1101/079509,NA,https://github.com/rcannood/SCORPIUS,SCORPIUS an unsupervised approach for inferring developmental chronologies from single-cell RNA sequencing data.,GPL-3,2016-10-11,2016-10-11,TRUE,http://dx.doi.org/10.1101/079509,Gene Networks,TRUE,FALSE,FALSE
Oscope,R,10.1038/nmeth.3549,2015-08-24,https://github.com/Bioconductor-mirror/Oscope,Oscope: a statistical pipeline for identifying oscillatory genes in unsynchronized single cell RNA-seq experiments.,Artistic-2.0,2016-09-09,2016-09-09,NA,http://dx.doi.org/10.1038/nmeth.3549,Cell Cycle,TRUE,TRUE,FALSE
scLVM,R/Python,10.1038/nbt.3102,2015-02-01,https://github.com/PMBio/scLVM,"scLVM is a modelling framework for single-cell RNA-seq data that can be used to dissect the observed heterogeneity into different sources, thereby allowing for the correction of confounding sources of variation. scLVM was primarily designed to account for cell-cycle induced variations in single-cell RNA-seq data where cell cycle is the primary soure of variability.",Apache-2.0,2016-09-08,2016-12-08,NA,http://dx.doi.org/10.1038/nbt.3102,Cell Cycle,TRUE,FALSE,FALSE
scran,R,10.1186/s13059-016-0947-7,2016-04-27,https://github.com/MarioniLab/scran,"This package implements a variety of low-level analyses of single-cell RNA-seq data. Methods are provided for normalization of cell-specific biases, pool-based norms to estimate size factors, assignment of cell cycle phase, and detection of highly variable and significantly correlated genes.",GPL-3,2016-09-08,2016-09-08,NA,http://dx.doi.org/10.1186/s13059-016-0947-7,Cell Cycle,TRUE,FALSE,FALSE
CIDR,R,10.1101/068775,NA,https://github.com/VCCRI/CIDR,Ultrafast and accurate clustering through imputation and dimensionality reduction for single-cell RNA-seq data.,GPL (>=2),2016-09-09,2016-11-29,TRUE,http://dx.doi.org/10.1101/068775,Dimensionality Reduction,TRUE,FALSE,FALSE
destiny,R,10.1093/bioinformatics/btv715,2016-04-15,https://www.helmholtz-muenchen.de/icb/research/groups/quantitative-single-cell-dynamics/software/destiny/index.html,Diffusion maps for single-cell RNA-seq.,GPL,2016-09-09,2017-04-18,NA,http://dx.doi.org/10.1093/bioinformatics/btv715,Dimensionality Reduction,FALSE,FALSE,FALSE
ESAT,Java,10.1101/gr.207902.116,2016-07-28,https://github.com/garber-lab/ESAT,"The ESAT toolkit is designed for expression analysis of Digital expression (DGE) libraries that target transcript ""ends"". ESAT takes a set of alignment files (SAM or BAM) with genome alignment coordinates, a file containing transcript coordinates (BED or text file) and outputs read counts for each transcript provided.",NA,2016-09-09,2016-09-09,NA,http://dx.doi.org/10.1101/gr.207902.116,Dimensionality Reduction,TRUE,FALSE,FALSE
FastProject,Python,10.1186/s12859-016-1176-5,2016-08-23,https://github.com/YosefLab/FastProject,"Here we present FastProject, a software package for two-dimensional visualization of single cell data, which utilizes a plethora of projection methods and provides a way to systematically investigate the biological relevance of these low dimensional representations by incorporating domain knowledge.",Custom,2016-09-09,2016-09-09,NA,http://dx.doi.org/10.1186/s12859-016-1176-5,Dimensionality Reduction,TRUE,FALSE,FALSE
flotilla,Python,NA,NA,https://github.com/yeolab/flotilla,Reproducible machine learning analysis of gene expression and alternative splicing data,Custom,2016-09-08,2016-09-08,NA,NA,Dimensionality Reduction,TRUE,FALSE,FALSE
GiniClust,R/Python,10.1186/s13059-016-1010-4,2016-07-01,https://github.com/lanjiangboston/GiniClust,GiniClust is a clustering method implemented in Python and R for detecting rare cell-types from large-scale single-cell gene expression data.,MIT,2016-09-09,2016-09-09,NA,http://dx.doi.org/10.1186/s13059-016-1010-4,Dimensionality Reduction,TRUE,FALSE,FALSE
Granatum,Virtualbox,10.1101/110759,NA,https://gitlab.com/uhcclxgg/granatum,This is a graphical single-cell RNA-seq (scRNA-seq) analysis pipeline for genomics scientists.,NA,2017-03-01,2017-03-01,TRUE,http://dx.doi.org/10.1101/110759,Dimensionality Reduction,FALSE,FALSE,FALSE
MAGIC,Python,10.1101/111591,NA,https://github.com/pkathail/magic/,Markov Affinity-based Graph Imputation of Cells (MAGIC),GPL-2,2017-02-27,2017-02-17,TRUE,http://dx.doi.org/10.1101/111591,Dimensionality Reduction,TRUE,FALSE,FALSE
Monocle,R,10.1038/nbt.2859,2014-04-01,https://github.com/cole-trapnell-lab/monocle-release,Differential expression and time-series analysis for single-cell RNA-Seq.,Artistic-2.0,2016-09-08,2016-09-08,NA,http://dx.doi.org/10.1038/nbt.2859,Dimensionality Reduction,TRUE,FALSE,FALSE
sake,R,NA,NA,https://github.com/naikai/sake,Single-cell RNA-Seq Analysis and Klustering Evaluation. The aim of sake is to provide a user-friendly tool for easy analysis of NGS Single-Cell transcriptomic data.,GPL (>=2),2016-10-10,2016-10-10,NA,NA,Dimensionality Reduction,TRUE,FALSE,FALSE
Scater,R,10.1093/bioinformatics/btw777,2017-01-14,https://github.com/davismcc/scater,"Scater places an emphasis on tools for quality control, visualisation and pre-processing of data before further downstream analysis, filling a useful niche between raw RNA-sequencing count or transcripts-per-million data and more focused downstream modelling tools such as monocle, scLVM, SCDE, edgeR, limma and so on.",GPL (>= 2),2016-09-08,2017-03-01,NA,http://dx.doi.org/10.1093/bioinformatics/btw777,Dimensionality Reduction,TRUE,FALSE,FALSE
SCell,Matlab,10.1093/bioinformatics/btw201,2016-04-19,https://github.com/diazlab/SCell,"SCell is an integrated software tool for quality filtering, normalization, feature selection, iterative dimensionality reduction, clustering and the estimation of gene-expression gradients from large ensembles of single-cell RNA-seq datasets. SCell is open source, and implemented with an intuitive graphical interface.",GNU,2016-09-08,2016-09-08,NA,http://dx.doi.org/10.1093/bioinformatics/btw201,Dimensionality Reduction,TRUE,FALSE,FALSE
SCORPIUS,R,10.1101/079509,NA,https://github.com/rcannood/SCORPIUS,SCORPIUS an unsupervised approach for inferring developmental chronologies from single-cell RNA sequencing data.,GPL-3,2016-10-11,2016-10-11,TRUE,http://dx.doi.org/10.1101/079509,Dimensionality Reduction,TRUE,FALSE,FALSE
Seurat,R,10.1038/nbt.3192,2015-04-13,https://github.com/satijalab/seurat,"It contains easy-to-use implementations of commonly used analytical techniques, including the identification of highly variable genes, dimensionality reduction (PCA, ICA, t-SNE), standard unsupervised clustering algorithms (density clustering, hierarchical clustering, k-means), and the discovery of differentially expressed genes and markers.",GPL-3,2016-09-08,2016-10-07,NA,http://dx.doi.org/10.1038/nbt.3192,Dimensionality Reduction,TRUE,FALSE,FALSE
SIMLR,R,10.1038/nmeth.4207,2017-03-06,https://github.com/BatzoglouLabSU/SIMLR,"Single-cell Interpretation via Multi-kernel LeaRning which learns an appropriate distance metric from the data for dimension reduction, clustering and visualization.",GPL-3,2016-09-09,2017-03-10,NA,http://dx.doi.org/10.1038/nmeth.4207,Dimensionality Reduction,TRUE,FALSE,FALSE
sincell,R,10.1101/014472,NA,https://github.com/Bioconductor-mirror/sincell,"Existing computational approaches for the assessment of cell-state hierarchies from single-cell data might be formalized under a general workflow composed of i) a metric to assess cell-to-cell similarities (combined or not with a dimensionality reduction step), and ii) a graph-building algorithm (optionally making use of a cells-clustering step). Sincell R package implements a methodological toolbox allowing flexible workflows under such framework.",GPL (>= 2),2016-09-08,2016-09-08,TRUE,http://dx.doi.org/10.1101/014472,Dimensionality Reduction,TRUE,TRUE,FALSE
SPADE,R,10.1038/nprot.2016.066,2016-06-16,https://github.com/nolanlab/spade,Visualization and cellular hierarchy inference of single-cell data using SPADE.,GPL (>=2),2016-09-09,2017-04-18,NA,http://dx.doi.org/10.1038/nprot.2016.066,Dimensionality Reduction,TRUE,FALSE,FALSE
SPRING,Python/Matlab/Javascript,10.1101/090332,NA,https://github.com/AllonKleinLab/SPRING/,SPRING is a collection of pre-processing scripts and a web browser-based tool for visualizing and interacting with high dimensional data.,NA,2016-12-05,2016-12-05,TRUE,http://dx.doi.org/10.1101/090332,Dimensionality Reduction,TRUE,FALSE,FALSE
ZIFA,Python,10.1186/s13059-015-0805-z,2015-11-02,https://github.com/epierson9/ZIFA,Zero-inflated dimensionality reduction algorithm for single-cell data.,MIT,2016-12-22,2016-12-22,NA,http://dx.doi.org/10.1186/s13059-015-0805-z,Dimensionality Reduction,TRUE,FALSE,FALSE
ZINB-WaVE,R,10.1101/125112,NA,https://github.com/drisso/zinbwave,Zero-inflated Negative Binomial based Wanted Variation Extraction (ZINB-WaVE),NA,2017-04-27,2017-04-27,TRUE,http://dx.doi.org/10.1101/125112,Dimensionality Reduction,TRUE,FALSE,FALSE
bonvoyage,Python,NA,NA,https://github.com/yeolab/bonvoyage,Transform percentage-based units into a 2d space to evaluate changes in distribution with both magnitude and direction.,BSD-3-clause,2016-09-08,2016-09-08,NA,NA,Transformation,TRUE,FALSE,FALSE
anchor,Python,NA,NA,https://github.com/yeolab/anchor,"Find bimodal, unimodal, and multimodal features in your data",BSD-3-clause,2016-09-08,2016-09-08,NA,NA,Modality,TRUE,FALSE,FALSE
BRIE,Python,10.1101/098517,NA,https://github.com/huangyh09/brie,BRIE (Bayesian regression for isoform estimate) is a Bayesian method to estimate isoform proportions from RNA-seq data.,Apache-2.0,2017-01-10,2017-01-10,TRUE,http://dx.doi.org/10.1101/098517,Alternative Splicing,TRUE,FALSE,FALSE
Outrigger,Python,NA,NA,https://github.com/YeoLab/outrigger,"Outrigger is a program to calculate alternative splicing scores of RNA-Seq data based on junction reads and a de novo, custom annotation created with a graph database, especially made for single-cell analyses.",BSD-3-clause,2016-09-08,2016-09-08,NA,NA,Alternative Splicing,TRUE,FALSE,FALSE
SingleSplice,R/Perl/C++,10.1093/nar/gkv1525,2016-01-05,https://github.com/jw156605/SingleSplice,Algorithm for detecting alternative splicing in a population of single cells.,GPL-2,2017-01-24,2017-01-24,NA,http://dx.doi.org/10.1093/nar/gkv1525,Alternative Splicing,TRUE,FALSE,FALSE
GiniClust,R/Python,10.1186/s13059-016-1010-4,2016-07-01,https://github.com/lanjiangboston/GiniClust,GiniClust is a clustering method implemented in Python and R for detecting rare cell-types from large-scale single-cell gene expression data.,MIT,2016-09-09,2016-09-09,NA,http://dx.doi.org/10.1186/s13059-016-1010-4,Rare Cells,TRUE,FALSE,FALSE
RaceID2,R,10.1016/j.stem.2016.05.010,2016-06-21,https://github.com/dgrun/StemID,"RaceID2 is an advanced version of RaceID, an algorithm for the identification of rare and abundant cell types from single cell transcriptome data.",NA,2016-09-09,2016-09-09,NA,http://dx.doi.org/10.1016/j.stem.2016.05.010,Rare Cells,TRUE,FALSE,FALSE
StemID,R,10.1016/j.stem.2016.05.010,2016-06-21,https://github.com/dgrun/StemID,StemID is an algorithm for the derivation of cell lineage trees based on RaceID2 results and predicts multipotent cell identites.,NA,2016-09-09,2016-09-09,NA,http://dx.doi.org/10.1016/j.stem.2016.05.010,Stem Cells,TRUE,FALSE,FALSE
SSrGE,Python,10.1101/095810,NA,https://github.com/lanagarmire/SSrGE,This procedure aims to fit sparse linear models using a binary matrix (n_samples x n_SNV) as features matrix and a gene expression matrix (n_genes x n_samples) as response.,MIT,2017-01-10,2017-01-10,TRUE,http://dx.doi.org/10.1101/095810,Variants,TRUE,FALSE,FALSE
scphaser,R,10.1093/bioinformatics/btw484,2016-08-06,https://github.com/edsgard/scphaser,scphaser is an R package for haplotype phasing using single-cell RNA-seq data.,GPL-3,2016-09-09,2016-09-09,NA,http://dx.doi.org/10.1093/bioinformatics/btw484,Haplotypes,TRUE,FALSE,FALSE
SCALE,R,10.1186/s13059-017-1200-8,2017-04-26,https://github.com/yuchaojiang/SCALE,Allele-Specific Expression by Single-Cell RNA Sequencing,GPL-3,2017-02-23,2017-04-05,NA,http://dx.doi.org/10.1186/s13059-017-1200-8,Allele Specific,TRUE,FALSE,FALSE
BTR,R,10.1186/s12859-016-1235-y,2016-09-06,https://github.com/cheeyeelim/btr,BTR is a model learning algorithm for reconstructing and training asynchronous Boolean models using single-cell expression data.,GPL-3,2016-09-12,2016-09-12,NA,http://dx.doi.org/10.1186/s12859-016-1235-y,Visualisation,TRUE,FALSE,FALSE
CellTree,R,10.1186/s12859-016-1175-6,2016-08-13,https://github.com/Bioconductor-mirror/cellTree,Cell population analysis and visualization from single cell RNA-seq data using a Latent Dirichlet Allocation model.,Artistic-2.0,2016-09-08,2016-09-19,NA,http://dx.doi.org/10.1186/s12859-016-1175-6,Visualisation,TRUE,TRUE,FALSE
countClust,R,NA,NA,https://github.com/kkdey/CountClust,"Clustering and Visualizing RNA-Seq Expression Data using Grade of Membership Models. Fits grade of membership models (GoM, also known as admixture models) to cluster RNA-seq gene expression count data, identifies characteristic genes driving cluster memberships, and provides a visual summary of the cluster memberships.",GPL (>= 2),2016-09-12,2016-09-12,NA,NA,Visualisation,TRUE,FALSE,FALSE
DeLorean,R,10.1093/bioinformatics/btw372,2016-06-17,https://github.com/JohnReid/DeLorean,R package to model time series accounting for noise in the temporal dimension. Specifically designed for single cell transcriptome experiments.,MIT,2016-09-09,2016-09-09,NA,http://dx.doi.org/10.1093/bioinformatics/btw372,Visualisation,TRUE,FALSE,FALSE
destiny,R,10.1093/bioinformatics/btv715,2016-04-15,https://www.helmholtz-muenchen.de/icb/research/groups/quantitative-single-cell-dynamics/software/destiny/index.html,Diffusion maps for single-cell RNA-seq.,GPL,2016-09-09,2017-04-18,NA,http://dx.doi.org/10.1093/bioinformatics/btv715,Visualisation,FALSE,FALSE,FALSE
DPT,R/Matlab,10.1038/nmeth.3971,2019-08-29,http://www.helmholtz-muenchen.de/icb/research/groups/machine-learning/projects/dpt/index.html,"Our DPT software implementations make it possible to reconstruct the developmental progression of cells and identify transient or metastable states, branching decisions and differentiation endpoints.",GPL-3,2016-09-22,2016-09-22,NA,http://dx.doi.org/10.1038/nmeth.3971,Visualisation,FALSE,FALSE,FALSE
dropbead,R,10.1101/099473,NA,https://github.com/rajewsky-lab/dropbead,"It offers a quick and straightfoward way to explore and perform basic analysis of single cell sequencing data coming from droplet sequencing, such as Drop-seq.",GPL-3,2017-01-16,2017-01-16,TRUE,http://dx.doi.org/10.1101/099473,Visualisation,TRUE,FALSE,FALSE
ECLAIR,Python,10.1101/036533,NA,https://github.com/GGiecold/ECLAIR,"ECLAIR stands for Ensemble Clustering for Lineage Analysis, Inference and Robustness. Robust and scalable inference of cell lineages from gene expression data.",MIT,2016-09-08,2016-09-08,TRUE,http://dx.doi.org/10.1101/036533,Visualisation,TRUE,FALSE,FALSE
FastProject,Python,10.1186/s12859-016-1176-5,2016-08-23,https://github.com/YosefLab/FastProject,"Here we present FastProject, a software package for two-dimensional visualization of single cell data, which utilizes a plethora of projection methods and provides a way to systematically investigate the biological relevance of these low dimensional representations by incorporating domain knowledge.",Custom,2016-09-09,2016-09-09,NA,http://dx.doi.org/10.1186/s12859-016-1176-5,Visualisation,TRUE,FALSE,FALSE
GPfates,Python,10.1126/sciimmunol.aal2192,2017-03-03,https://github.com/Teichlab/GPfates,Model transcriptional cell fates as mixtures of Gaussian Processes,MIT,2016-09-19,2017-03-10,NA,http://dx.doi.org/10.1126/sciimmunol.aal2192,Visualisation,TRUE,FALSE,FALSE
Granatum,Virtualbox,10.1101/110759,NA,https://gitlab.com/uhcclxgg/granatum,This is a graphical single-cell RNA-seq (scRNA-seq) analysis pipeline for genomics scientists.,NA,2017-03-01,2017-03-01,TRUE,http://dx.doi.org/10.1101/110759,Visualisation,FALSE,FALSE,FALSE
HocusPocus,R,NA,NA,https://github.com/joeburns06/hocuspocus,Basic PCA-based workflow for analysis and plotting of single cell RNA-seq data.,NA,2016-09-08,2016-09-08,NA,NA,Visualisation,TRUE,FALSE,FALSE
Linnorm,R,NA,NA,https://github.com/Bioconductor-mirror/Linnorm,"Linnorm is an R package for the analysis of RNA-seq, scRNA-seq, ChIP-seq count data or any large scale count data.",MIT,2017-02-01,2017-02-01,NA,NA,Visualisation,TRUE,TRUE,FALSE
M3Drop,R,10.1101/065094,NA,https://github.com/tallulandrews/M3Drop,R package providing functions for fitting a modified Michaelis-Menten (MM) equation to the pattern of dropouts observed in a single-cell sequencing experiment.,GPL (>=2),2016-10-10,2016-10-10,TRUE,http://dx.doi.org/10.1101/065094,Visualisation,TRUE,FALSE,FALSE
MAGIC,Python,10.1101/111591,NA,https://github.com/pkathail/magic/,Markov Affinity-based Graph Imputation of Cells (MAGIC),GPL-2,2017-02-27,2017-02-17,TRUE,http://dx.doi.org/10.1101/111591,Visualisation,TRUE,FALSE,FALSE
MFA,R,10.12688/wellcomeopenres.11087.1,2017-03-15,https://github.com/kieranrcampbell/mfa,mfa is an R package implementing Gibbs sampling for a Bayesian hierarchichal mixture of factor analysers for inference of bifurcations in single-cell data.,GPL (>= 2),2017-03-20,2017-03-20,NA,http://dx.doi.org/10.12688/wellcomeopenres.11087.1,Visualisation,TRUE,FALSE,FALSE
Monocle,R,10.1038/nbt.2859,2014-04-01,https://github.com/cole-trapnell-lab/monocle-release,Differential expression and time-series analysis for single-cell RNA-Seq.,Artistic-2.0,2016-09-08,2016-09-08,NA,http://dx.doi.org/10.1038/nbt.2859,Visualisation,TRUE,FALSE,FALSE
Ouija,R,10.1101/060442,NA,https://github.com/kieranrcampbell/ouija,Incorporate prior information into single-cell trajectory (pseudotime) analyses using Bayesian nonlinear factor analysis.,GPL (>=3),2016-09-08,2016-09-13,TRUE,http://dx.doi.org/10.1101/060442,Visualisation,TRUE,FALSE,FALSE
PoissonUMIs,R,NA,NA,https://github.com/tallulandrews/PoissonUMIs,"R package providing functions for fitting, analyzing and visualizing single-cell RNASeq data which has been quantified by counting UMIs while accounting for different sequencing depths/detection rates between cells.",GPL-2,2016-10-10,2016-10-10,NA,NA,Visualisation,TRUE,FALSE,FALSE
powsim,R,10.1101/117150,NA,https://github.com/bvieth/powsim,Power analysis for bulk and single cell RNA-seq experiments,GPL,2017-03-20,2017-03-20,TRUE,http://dx.doi.org/10.1101/117150,Visualisation,TRUE,FALSE,FALSE
pseudogp,R,10.1101/047365,NA,https://github.com/kieranrcampbell/pseudogp,pseudogp is an R package for Bayesian inference of Gaussian Process Latent Variable models learning pseudotimes from single-cell RNA-seq.,MIT,2016-09-09,2016-09-09,TRUE,http://dx.doi.org/10.1101/047365,Visualisation,TRUE,FALSE,FALSE
RCA,R,10.1038/ng.3818,2017-03-20,https://github.com/GIS-SP-Group/RCA,"RCA, short for Reference Component Analysis, is an R package for robust clustering analysis of single cell RNA sequencing data (scRNAseq).",MIT,2017-03-27,2017-03-27,NA,http://dx.doi.org/10.1038/ng.3818,Visualisation,TRUE,FALSE,FALSE
sake,R,NA,NA,https://github.com/naikai/sake,Single-cell RNA-Seq Analysis and Klustering Evaluation. The aim of sake is to provide a user-friendly tool for easy analysis of NGS Single-Cell transcriptomic data.,GPL (>=2),2016-10-10,2016-10-10,NA,NA,Visualisation,TRUE,FALSE,FALSE
Scater,R,10.1093/bioinformatics/btw777,2017-01-14,https://github.com/davismcc/scater,"Scater places an emphasis on tools for quality control, visualisation and pre-processing of data before further downstream analysis, filling a useful niche between raw RNA-sequencing count or transcripts-per-million data and more focused downstream modelling tools such as monocle, scLVM, SCDE, edgeR, limma and so on.",GPL (>= 2),2016-09-08,2017-03-01,NA,http://dx.doi.org/10.1093/bioinformatics/btw777,Visualisation,TRUE,FALSE,FALSE
SCDE,R,10.1038/nmeth.2967,2014-07-01,https://github.com/hms-dbmi/scde,Differential expression using error models and overdispersion-based identification of important gene sets.,NA,2016-09-08,2016-09-08,NA,http://dx.doi.org/10.1038/nmeth.2967,Visualisation,TRUE,FALSE,FALSE
SCell,Matlab,10.1093/bioinformatics/btw201,2016-04-19,https://github.com/diazlab/SCell,"SCell is an integrated software tool for quality filtering, normalization, feature selection, iterative dimensionality reduction, clustering and the estimation of gene-expression gradients from large ensembles of single-cell RNA-seq datasets. SCell is open source, and implemented with an intuitive graphical interface.",GNU,2016-09-08,2016-09-08,NA,http://dx.doi.org/10.1093/bioinformatics/btw201,Visualisation,TRUE,FALSE,FALSE
scLVM,R/Python,10.1038/nbt.3102,2015-02-01,https://github.com/PMBio/scLVM,"scLVM is a modelling framework for single-cell RNA-seq data that can be used to dissect the observed heterogeneity into different sources, thereby allowing for the correction of confounding sources of variation. scLVM was primarily designed to account for cell-cycle induced variations in single-cell RNA-seq data where cell cycle is the primary soure of variability.",Apache-2.0,2016-09-08,2016-12-08,NA,http://dx.doi.org/10.1038/nbt.3102,Visualisation,TRUE,FALSE,FALSE
SCONE,R,NA,NA,https://github.com/YosefLab/scone,"SCONE (Single-Cell Overview of Normalized Expression), a package for single-cell RNA-seq data quality control (QC) and normalization. This data-driven framework uses summaries of expression data to assess the efficacy of normalization workflows.",Artistic-2.0,2016-09-08,2016-09-08,NA,NA,Visualisation,TRUE,FALSE,FALSE
SCORPIUS,R,10.1101/079509,NA,https://github.com/rcannood/SCORPIUS,SCORPIUS an unsupervised approach for inferring developmental chronologies from single-cell RNA sequencing data.,GPL-3,2016-10-11,2016-10-11,TRUE,http://dx.doi.org/10.1101/079509,Visualisation,TRUE,FALSE,FALSE
scTDA,Python,10.1038/nbt.3854,2017-05-01,https://github.com/RabadanLab/scTDA,"scTDA is an object oriented python library for topological data analysis of high-throughput single-cell RNA-seq data. It includes tools for the preprocessing, analysis, and exploration of single-cell RNA-seq data based on topological representations.",GPL-3,2017-05-09,2017-05-09,NA,http://dx.doi.org/10.1038/nbt.3854,Visualisation,TRUE,FALSE,FALSE
Seurat,R,10.1038/nbt.3192,2015-04-13,https://github.com/satijalab/seurat,"It contains easy-to-use implementations of commonly used analytical techniques, including the identification of highly variable genes, dimensionality reduction (PCA, ICA, t-SNE), standard unsupervised clustering algorithms (density clustering, hierarchical clustering, k-means), and the discovery of differentially expressed genes and markers.",GPL-3,2016-09-08,2016-10-07,NA,http://dx.doi.org/10.1038/nbt.3192,Visualisation,TRUE,FALSE,FALSE
SIMLR,R,10.1038/nmeth.4207,2017-03-06,https://github.com/BatzoglouLabSU/SIMLR,"Single-cell Interpretation via Multi-kernel LeaRning which learns an appropriate distance metric from the data for dimension reduction, clustering and visualization.",GPL-3,2016-09-09,2017-03-10,NA,http://dx.doi.org/10.1038/nmeth.4207,Visualisation,TRUE,FALSE,FALSE
sincell,R,10.1101/014472,NA,https://github.com/Bioconductor-mirror/sincell,"Existing computational approaches for the assessment of cell-state hierarchies from single-cell data might be formalized under a general workflow composed of i) a metric to assess cell-to-cell similarities (combined or not with a dimensionality reduction step), and ii) a graph-building algorithm (optionally making use of a cells-clustering step). Sincell R package implements a methodological toolbox allowing flexible workflows under such framework.",GPL (>= 2),2016-09-08,2016-09-08,TRUE,http://dx.doi.org/10.1101/014472,Visualisation,TRUE,TRUE,FALSE
SPADE,R,10.1038/nprot.2016.066,2016-06-16,https://github.com/nolanlab/spade,Visualization and cellular hierarchy inference of single-cell data using SPADE.,GPL (>=2),2016-09-09,2017-04-18,NA,http://dx.doi.org/10.1038/nprot.2016.066,Visualisation,TRUE,FALSE,FALSE
Splatter,R,10.1101/133173,NA,https://github.com/Oshlack/splatter,Splatter is a package for the simple simulation of single-cell RNA-seq count data.,GPL-3,2016-10-27,2016-10-27,TRUE,http://dx.doi.org/10.1101/133173,Visualisation,TRUE,FALSE,FALSE
SPRING,Python/Matlab/Javascript,10.1101/090332,NA,https://github.com/AllonKleinLab/SPRING/,SPRING is a collection of pre-processing scripts and a web browser-based tool for visualizing and interacting with high dimensional data.,NA,2016-12-05,2016-12-05,TRUE,http://dx.doi.org/10.1101/090332,Visualisation,TRUE,FALSE,FALSE
TSCAN,R,10.1093/nar/gkw430,2016-05-13,https://github.com/zji90/TSCAN,Pseudo-time reconstruction and evaluation in single-cell RNA-seq analysis.,GPL (>=2),2016-09-09,2016-09-09,NA,http://dx.doi.org/10.1093/nar/gkw430,Visualisation,TRUE,FALSE,FALSE
Wishbone,Python,10.1038/nbt.3569,2016-05-02,https://github.com/ManuSetty/wishbone,Wishbone is an algorithm to align single cells from differentiation systems with bifurcating branches.,GPL-2,2016-09-09,2016-11-29,NA,http://dx.doi.org/10.1038/nbt.3569,Visualisation,TRUE,FALSE,FALSE
FastProject,Python,10.1186/s12859-016-1176-5,2016-08-23,https://github.com/YosefLab/FastProject,"Here we present FastProject, a software package for two-dimensional visualization of single cell data, which utilizes a plethora of projection methods and provides a way to systematically investigate the biological relevance of these low dimensional representations by incorporating domain knowledge.",Custom,2016-09-09,2016-09-09,NA,http://dx.doi.org/10.1186/s12859-016-1176-5,Interactive,TRUE,FALSE,FALSE
flotilla,Python,NA,NA,https://github.com/yeolab/flotilla,Reproducible machine learning analysis of gene expression and alternative splicing data,Custom,2016-09-08,2016-09-08,NA,NA,Interactive,TRUE,FALSE,FALSE
GiniClust,R/Python,10.1186/s13059-016-1010-4,2016-07-01,https://github.com/lanjiangboston/GiniClust,GiniClust is a clustering method implemented in Python and R for detecting rare cell-types from large-scale single-cell gene expression data.,MIT,2016-09-09,2016-09-09,NA,http://dx.doi.org/10.1186/s13059-016-1010-4,Interactive,TRUE,FALSE,FALSE
Granatum,Virtualbox,10.1101/110759,NA,https://gitlab.com/uhcclxgg/granatum,This is a graphical single-cell RNA-seq (scRNA-seq) analysis pipeline for genomics scientists.,NA,2017-03-01,2017-03-01,TRUE,http://dx.doi.org/10.1101/110759,Interactive,FALSE,FALSE,FALSE
MAGIC,Python,10.1101/111591,NA,https://github.com/pkathail/magic/,Markov Affinity-based Graph Imputation of Cells (MAGIC),GPL-2,2017-02-27,2017-02-17,TRUE,http://dx.doi.org/10.1101/111591,Interactive,TRUE,FALSE,FALSE
OEFinder,R,10.1093/bioinformatics/btw004,2016-01-06,https://github.com/lengning/OEFinder,"Identify ordering effect genes in single cell RNA-seq data. OEFinder shiny impelemention depends on packages shiny, shinyFiles, gdata, and EBSeq.",NA,2016-09-08,2016-09-08,NA,http://dx.doi.org/10.1093/bioinformatics/btw004,Interactive,TRUE,FALSE,FALSE
sake,R,NA,NA,https://github.com/naikai/sake,Single-cell RNA-Seq Analysis and Klustering Evaluation. The aim of sake is to provide a user-friendly tool for easy analysis of NGS Single-Cell transcriptomic data.,GPL (>=2),2016-10-10,2016-10-10,NA,NA,Interactive,TRUE,FALSE,FALSE
SC3,R,10.1101/036558,NA,https://github.com/hemberg-lab/sc3,SC3 is an interactive tool for the unsupervised clustering of cells from single cell RNA-Seq experiments.,GPL-3,2016-09-08,2016-09-08,TRUE,http://dx.doi.org/10.1101/036558,Interactive,TRUE,FALSE,FALSE
Scater,R,10.1093/bioinformatics/btw777,2017-01-14,https://github.com/davismcc/scater,"Scater places an emphasis on tools for quality control, visualisation and pre-processing of data before further downstream analysis, filling a useful niche between raw RNA-sequencing count or transcripts-per-million data and more focused downstream modelling tools such as monocle, scLVM, SCDE, edgeR, limma and so on.",GPL (>= 2),2016-09-08,2017-03-01,NA,http://dx.doi.org/10.1093/bioinformatics/btw777,Interactive,TRUE,FALSE,FALSE
SCell,Matlab,10.1093/bioinformatics/btw201,2016-04-19,https://github.com/diazlab/SCell,"SCell is an integrated software tool for quality filtering, normalization, feature selection, iterative dimensionality reduction, clustering and the estimation of gene-expression gradients from large ensembles of single-cell RNA-seq datasets. SCell is open source, and implemented with an intuitive graphical interface.",GNU,2016-09-08,2016-09-08,NA,http://dx.doi.org/10.1093/bioinformatics/btw201,Interactive,TRUE,FALSE,FALSE
SCONE,R,NA,NA,https://github.com/YosefLab/scone,"SCONE (Single-Cell Overview of Normalized Expression), a package for single-cell RNA-seq data quality control (QC) and normalization. This data-driven framework uses summaries of expression data to assess the efficacy of normalization workflows.",Artistic-2.0,2016-09-08,2016-09-08,NA,NA,Interactive,TRUE,FALSE,FALSE
SCPattern,R,10.1101/046110,NA,https://github.com/lengning/SCPattern,A statistical approach to identify and classify expression changes in single cell RNA-seq experiments with ordered conditions.,Apache-2.0,2016-09-09,2016-09-09,TRUE,http://dx.doi.org/10.1101/046110,Interactive,TRUE,FALSE,FALSE
SEPA,R,NA,NA,https://github.com/zji90/SEPA,"SEPA provides convenient functions for users to assign genes into different gene expression patterns such as constant, monotone increasing and increasing then decreasing. SEPA then performs GO enrichment analysis to analysis the functional roles of genes with same or similar patterns.",GPL (>=2),2016-09-08,2016-09-08,NA,NA,Interactive,TRUE,FALSE,FALSE
SPRING,Python/Matlab/Javascript,10.1101/090332,NA,https://github.com/AllonKleinLab/SPRING/,SPRING is a collection of pre-processing scripts and a web browser-based tool for visualizing and interacting with high dimensional data.,NA,2016-12-05,2016-12-05,TRUE,http://dx.doi.org/10.1101/090332,Interactive,TRUE,FALSE,FALSE
TASIC,Matlab,bioinformatics/btx173,2017-04-04,https://www.andrew.cmu.edu/user/sabrinar/TASIC/TASIC.htm,TASIC uses a Hidden Markov Model (HMM) based on a probabilistic Kalman Filter approach to combine time and expression information for determining the branching process associated with time series single cell studies.,NA,2017-04-27,2017-04-27,NA,http://dx.doi.org/bioinformatics/btx173,Interactive,FALSE,FALSE,FALSE
TSCAN,R,10.1093/nar/gkw430,2016-05-13,https://github.com/zji90/TSCAN,Pseudo-time reconstruction and evaluation in single-cell RNA-seq analysis.,GPL (>=2),2016-09-09,2016-09-09,NA,http://dx.doi.org/10.1093/nar/gkw430,Interactive,TRUE,FALSE,FALSE
WaveCrest,R,10.1186/s13059-016-1033-x,2016-08-17,https://github.com/lengning/WaveCrest,WaveCrest is a statistical approach to reconstruct gene expression trajectory in single cell RNA-seq experiments with ordered conditions.,Apache-2.0,2016-09-12,2016-09-12,NA,http://dx.doi.org/10.1186/s13059-016-1033-x,Interactive,TRUE,FALSE,FALSE
Wishbone,Python,10.1038/nbt.3569,2016-05-02,https://github.com/ManuSetty/wishbone,Wishbone is an algorithm to align single cells from differentiation systems with bifurcating branches.,GPL-2,2016-09-09,2016-11-29,NA,http://dx.doi.org/10.1038/nbt.3569,Interactive,TRUE,FALSE,FALSE
BEARscc,R,10.1101/118919,NA,https://bitbucket.org/bsblabludwig/bearscc,BEARscc is a noise estimation and injection tool that is designed to assess putative single-cell RNA-seq clusters in the context of experimental noise estimated by ERCC spike-in controls.,GPL-3,2017-04-27,2017-04-27,TRUE,http://dx.doi.org/10.1101/118919,Simulation,FALSE,FALSE,FALSE
CIDR,R,10.1101/068775,NA,https://github.com/VCCRI/CIDR,Ultrafast and accurate clustering through imputation and dimensionality reduction for single-cell RNA-seq data.,GPL (>=2),2016-09-09,2016-11-29,TRUE,http://dx.doi.org/10.1101/068775,Simulation,TRUE,FALSE,FALSE
Linnorm,R,NA,NA,https://github.com/Bioconductor-mirror/Linnorm,"Linnorm is an R package for the analysis of RNA-seq, scRNA-seq, ChIP-seq count data or any large scale count data.",MIT,2017-02-01,2017-02-01,NA,NA,Simulation,TRUE,TRUE,FALSE
MFA,R,10.12688/wellcomeopenres.11087.1,2017-03-15,https://github.com/kieranrcampbell/mfa,mfa is an R package implementing Gibbs sampling for a Bayesian hierarchichal mixture of factor analysers for inference of bifurcations in single-cell data.,GPL (>= 2),2017-03-20,2017-03-20,NA,http://dx.doi.org/10.12688/wellcomeopenres.11087.1,Simulation,TRUE,FALSE,FALSE
powsim,R,10.1101/117150,NA,https://github.com/bvieth/powsim,Power analysis for bulk and single cell RNA-seq experiments,GPL,2017-03-20,2017-03-20,TRUE,http://dx.doi.org/10.1101/117150,Simulation,TRUE,FALSE,FALSE
scDD,R,10.1186/s13059-016-1077-y,2016-10-25,https://github.com/kdkorthauer/scDD,"scDD (Single-Cell Differential Distributions) is a framework to identify genes with different expression patterns between biological groups of interest. In addition to traditional differential expression, it can detect differences that are more complex and subtle than a mean shift.",GPL-2,2016-09-08,2016-11-07,NA,http://dx.doi.org/10.1186/s13059-016-1077-y,Simulation,TRUE,FALSE,FALSE
Splatter,R,10.1101/133173,NA,https://github.com/Oshlack/splatter,Splatter is a package for the simple simulation of single-cell RNA-seq count data.,GPL-3,2016-10-27,2016-10-27,TRUE,http://dx.doi.org/10.1101/133173,Simulation,TRUE,FALSE,FALSE
